,Names,isMale
0,ΑΒΕΡΚΙΟΣ,1
1,ΑΒΡΑΑΜ,0
2,ΑΒΡΑΑΜ,1
3,ΑΓΑΘΗ,0
4,ΑΓΑΘΗ,0
5,ΑΓΑΠΗ,0
6,ΑΓΑΠΗ,0
7,ΑΓΑΠΗ,0
8,ΑΓΑΠΗ,0
9,ΑΓΑΠΗΤΟΣ,1
10,ΑΓΓΕΛΑ,0
19,ΑΓΓΕΛΙΚΗ,0
17,ΑΓΓΕΛΙΚΗ,0
18,ΑΓΓΕΛΙΚΗ,0
15,ΑΓΓΕΛΙΚΗ,0
14,ΑΓΓΕΛΙΚΗ,0
13,ΑΓΓΕΛΙΚΗ,0
12,ΑΓΓΕΛΙΚΗ,0
11,ΑΓΓΕΛΙΚΗ,0
16,ΑΓΓΕΛΙΚΗ,0
28,ΑΓΓΕΛΟΣ,1
29,ΑΓΓΕΛΟΣ,1
25,ΑΓΓΕΛΟΣ,1
24,ΑΓΓΕΛΟΣ,1
21,ΑΓΓΕΛΟΣ,1
22,ΑΓΓΕΛΟΣ,1
20,ΑΓΓΕΛΟΣ,0
27,ΑΓΓΕΛΟΣ,1
23,ΑΓΓΕΛΟΣ,1
26,ΑΓΓΕΛΟΣ,1
30,ΑΓΚΑΤΑ,0
32,ΑΓΛΑΙΑ,0
31,ΑΓΛΑΙΑ,0
35,ΑΓΝΗ,0
34,ΑΓΝΗ,0
33,ΑΓΝΗ,0
37,ΑΓΟΡΗ,0
36,ΑΓΟΡΗ,0
38,ΑΓΟΡΙ,1
39,ΑΓΟΡΙ,1
41,ΑΔΑΜ,1
40,ΑΔΑΜ,1
42,ΑΔΑΜΑΝΤΙ,0
43,ΑΔΑΜΑΝΤΙΑ,0
44,ΑΔΑΜΑΝΤΙΟΣ,1
45,ΑΖΑΡΙΑΣ,1
51,ΑΘΑΝΑΣΙΑ,0
46,ΑΘΑΝΑΣΙΑ,0
47,ΑΘΑΝΑΣΙΑ,0
48,ΑΘΑΝΑΣΙΑ,0
49,ΑΘΑΝΑΣΙΑ,0
50,ΑΘΑΝΑΣΙΑ,0
52,ΑΘΑΝΑΣΙΟ,0
53,ΑΘΑΝΑΣΙΟΣ,1
55,ΑΘΑΝΑΣΙΟΣ,1
57,ΑΘΑΝΑΣΙΟΣ,1
58,ΑΘΑΝΑΣΙΟΣ,1
59,ΑΘΑΝΑΣΙΟΣ,1
60,ΑΘΑΝΑΣΙΟΣ,1
61,ΑΘΑΝΑΣΙΟΣ,1
56,ΑΘΑΝΑΣΙΟΣ,0
54,ΑΘΑΝΑΣΙΟΣ,1
65,ΑΘΗΝΑ,0
63,ΑΘΗΝΑ,0
62,ΑΘΗΝΑ,0
66,ΑΘΗΝΑ,0
67,ΑΘΗΝΑ,0
64,ΑΘΗΝΑ,0
68,ΑΘΗΝΑ,0
69,ΑΘΗΝΑ,0
70,ΑΘΗΝΑ,0
71,ΑΘΗΝΑ,0
72,ΑΙΚΑΤΕ,0
73,ΑΙΚΑΤΕΡΙ,0
74,ΑΙΚΑΤΕΡΙ,0
75,ΑΙΚΑΤΕΡΙΝΑ,0
76,ΑΙΚΑΤΕΡΙΝΑ,0
77,ΑΙΚΑΤΕΡΙΝΑ,0
96,ΑΙΚΑΤΕΡΙΝΗ,0
78,ΑΙΚΑΤΕΡΙΝΗ,0
79,ΑΙΚΑΤΕΡΙΝΗ,0
80,ΑΙΚΑΤΕΡΙΝΗ,0
81,ΑΙΚΑΤΕΡΙΝΗ,0
82,ΑΙΚΑΤΕΡΙΝΗ,0
83,ΑΙΚΑΤΕΡΙΝΗ,0
84,ΑΙΚΑΤΕΡΙΝΗ,0
85,ΑΙΚΑΤΕΡΙΝΗ,0
97,ΑΙΚΑΤΕΡΙΝΗ,0
98,ΑΙΚΑΤΕΡΙΝΗ,0
94,ΑΙΚΑΤΕΡΙΝΗ,0
93,ΑΙΚΑΤΕΡΙΝΗ,0
92,ΑΙΚΑΤΕΡΙΝΗ,0
95,ΑΙΚΑΤΕΡΙΝΗ,0
91,ΑΙΚΑΤΕΡΙΝΗ,0
99,ΑΙΚΑΤΕΡΙΝΗ,1
90,ΑΙΚΑΤΕΡΙΝΗ,1
89,ΑΙΚΑΤΕΡΙΝΗ,0
88,ΑΙΚΑΤΕΡΙΝΗ,0
87,ΑΙΚΑΤΕΡΙΝΗ,0
86,ΑΙΚΑΤΕΡΙΝΗ,0
100,ΑΙΚΑΤΕΡΙΝΗ,0
102,ΑΙΜΙΛΙΟΣ,1
101,ΑΙΜΙΛΙΟΣ,1
103,ΑΙΣΕ,0
104,ΑΚΟ,1
109,ΑΚΟ,1
108,ΑΚΟ,1
105,ΑΚΟ,0
106,ΑΚΟ,0
107,ΑΚΟ,1
110,ΑΛΒΙΝΑ,0
111,ΑΛΕΞΑΝ,0
115,ΑΛΕΞΑΝΔΡΑ,0
112,ΑΛΕΞΑΝΔΡΑ,0
113,ΑΛΕΞΑΝΔΡΑ,0
114,ΑΛΕΞΑΝΔΡΑ,0
116,ΑΛΕΞΑΝΔΡΑ,0
117,ΑΛΕΞΑΝΔΡΑ,0
118,ΑΛΕΞΑΝΔΡΑ,0
119,ΑΛΕΞΑΝΔΡΑ,0
120,ΑΛΕΞΑΝΔΡΑ,0
121,ΑΛΕΞΑΝΔΡΟ,1
143,ΑΛΕΞΑΝΔΡΟΣ,1
125,ΑΛΕΞΑΝΔΡΟΣ,1
136,ΑΛΕΞΑΝΔΡΟΣ,0
142,ΑΛΕΞΑΝΔΡΟΣ,1
141,ΑΛΕΞΑΝΔΡΟΣ,1
140,ΑΛΕΞΑΝΔΡΟΣ,1
124,ΑΛΕΞΑΝΔΡΟΣ,1
123,ΑΛΕΞΑΝΔΡΟΣ,1
122,ΑΛΕΞΑΝΔΡΟΣ,1
126,ΑΛΕΞΑΝΔΡΟΣ,1
127,ΑΛΕΞΑΝΔΡΟΣ,1
128,ΑΛΕΞΑΝΔΡΟΣ,1
129,ΑΛΕΞΑΝΔΡΟΣ,1
130,ΑΛΕΞΑΝΔΡΟΣ,1
132,ΑΛΕΞΑΝΔΡΟΣ,1
133,ΑΛΕΞΑΝΔΡΟΣ,1
134,ΑΛΕΞΑΝΔΡΟΣ,1
135,ΑΛΕΞΑΝΔΡΟΣ,1
137,ΑΛΕΞΑΝΔΡΟΣ,1
138,ΑΛΕΞΑΝΔΡΟΣ,1
131,ΑΛΕΞΑΝΔΡΟΣ,1
139,ΑΛΕΞΑΝΔΡΟΣ,1
144,ΑΛΕΞΙΑ,0
145,ΑΛΕΞΙΟΣ,1
146,ΑΛΙ,1
151,ΑΛΙΚΗ,0
147,ΑΛΙΚΗ,0
148,ΑΛΙΚΗ,0
149,ΑΛΙΚΗ,0
150,ΑΛΙΚΗ,0
152,ΑΛΚΗΣ,1
153,ΑΛΚΜΗΝΗ,0
154,ΑΛΜΑ,0
155,ΑΛΜΑ,0
156,ΑΛΤΙΝΑ,0
157,ΑΜΑΛΙΑ,0
158,ΑΜΑΛΙΑ,0
160,ΑΜΑΛΙΑ,0
162,ΑΜΑΛΙΑ,0
163,ΑΜΑΛΙΑ,0
164,ΑΜΑΛΙΑ,0
159,ΑΜΑΛΙΑ,0
161,ΑΜΑΛΙΑ,0
165,ΑΜΒΡΟΣΙΟΣ,1
167,ΑΜΠΑΣ,1
166,ΑΜΠΑΣ,1
168,ΑΜΥΓΔΑΛΙΑ,0
169,ΑΜΦΙΘΕΑ,0
170,ΑΝΑ,0
171,ΑΝΑΙΤ,0
172,ΑΝΑΡΓΥΡΟΣ,1
173,ΑΝΑΡΓΥΡΟΣ,1
174,ΑΝΑΣΤ,0
175,ΑΝΑΣΤΑ,0
176,ΑΝΑΣΤΑΣΙ,0
184,ΑΝΑΣΤΑΣΙΑ,0
188,ΑΝΑΣΤΑΣΙΑ,0
194,ΑΝΑΣΤΑΣΙΑ,0
193,ΑΝΑΣΤΑΣΙΑ,0
192,ΑΝΑΣΤΑΣΙΑ,0
191,ΑΝΑΣΤΑΣΙΑ,0
190,ΑΝΑΣΤΑΣΙΑ,0
189,ΑΝΑΣΤΑΣΙΑ,0
197,ΑΝΑΣΤΑΣΙΑ,0
187,ΑΝΑΣΤΑΣΙΑ,0
186,ΑΝΑΣΤΑΣΙΑ,0
185,ΑΝΑΣΤΑΣΙΑ,0
183,ΑΝΑΣΤΑΣΙΑ,0
182,ΑΝΑΣΤΑΣΙΑ,0
181,ΑΝΑΣΤΑΣΙΑ,0
180,ΑΝΑΣΤΑΣΙΑ,0
179,ΑΝΑΣΤΑΣΙΑ,0
178,ΑΝΑΣΤΑΣΙΑ,0
177,ΑΝΑΣΤΑΣΙΑ,0
198,ΑΝΑΣΤΑΣΙΑ,0
199,ΑΝΑΣΤΑΣΙΑ,0
200,ΑΝΑΣΤΑΣΙΑ,0
201,ΑΝΑΣΤΑΣΙΑ,0
195,ΑΝΑΣΤΑΣΙΑ,0
196,ΑΝΑΣΤΑΣΙΑ,0
203,ΑΝΑΣΤΑΣΙΟΣ,1
202,ΑΝΑΣΤΑΣΙΟΣ,0
204,ΑΝΑΣΤΑΣΙΟΣ,1
211,ΑΝΑΣΤΑΣΙΟΣ,1
210,ΑΝΑΣΤΑΣΙΟΣ,1
209,ΑΝΑΣΤΑΣΙΟΣ,1
207,ΑΝΑΣΤΑΣΙΟΣ,1
206,ΑΝΑΣΤΑΣΙΟΣ,1
205,ΑΝΑΣΤΑΣΙΟΣ,1
208,ΑΝΑΣΤΑΣΙΟΣ,0
212,ΑΝΑΤΟΛΗ,0
213,ΑΝΑΤΟΛΗ,0
214,ΑΝΔΡΕΑΝΑ,0
215,ΑΝΔΡΕΑΣ,1
216,ΑΝΔΡΕΑΣ,1
217,ΑΝΔΡΕΑΣ,1
218,ΑΝΔΡΕΑΣ,1
219,ΑΝΔΡΕΑΣ,1
220,ΑΝΔΡΙΑΝΑ,0
222,ΑΝΔΡΙΑΝΑ,0
221,ΑΝΔΡΙΑΝΑ,0
223,ΑΝΔΡΙΑΝΑ,0
224,ΑΝΔΡΙΑΝΗ,0
225,ΑΝΔΡΙΑΝΗ,0
227,ΑΝΔΡΟΜΑΧΗ,0
226,ΑΝΔΡΟΜΑΧΗ,0
229,ΑΝΔΡΟΝΙΚΗ,0
228,ΑΝΔΡΟΝΙΚΗ,0
230,ΑΝΔΡΟΝΙΚΟΣ,1
231,ΑΝΕΣΤΗΣ,1
232,ΑΝΘΗ,0
233,ΑΝΘΗ,0
234,ΑΝΘΗ,0
235,ΑΝΘΙΑ,0
236,ΑΝΘΟΥΛΑ,0
239,ΑΝΘΟΥΛΑ,0
238,ΑΝΘΟΥΛΑ,0
237,ΑΝΘΟΥΛΑ,0
240,ΑΝΙΚΟ,0
255,ΑΝΝΑ,1
243,ΑΝΝΑ,0
262,ΑΝΝΑ,0
267,ΑΝΝΑ,0
266,ΑΝΝΑ,0
265,ΑΝΝΑ,0
263,ΑΝΝΑ,0
261,ΑΝΝΑ,0
260,ΑΝΝΑ,0
259,ΑΝΝΑ,0
258,ΑΝΝΑ,0
257,ΑΝΝΑ,0
256,ΑΝΝΑ,0
254,ΑΝΝΑ,0
253,ΑΝΝΑ,0
252,ΑΝΝΑ,0
251,ΑΝΝΑ,0
250,ΑΝΝΑ,0
249,ΑΝΝΑ,0
248,ΑΝΝΑ,0
247,ΑΝΝΑ,0
246,ΑΝΝΑ,0
245,ΑΝΝΑ,0
244,ΑΝΝΑ,0
242,ΑΝΝΑ,0
241,ΑΝΝΑ,0
268,ΑΝΝΑ,0
269,ΑΝΝΑ,0
264,ΑΝΝΑ,0
270,ΑΝΝΑΜΑΡΙΑ,0
272,ΑΝΤΖΕΛΑ,0
271,ΑΝΤΖΕΛΑ,0
273,ΑΝΤΙ,0
275,ΑΝΤΙΓΟΝΗ,0
274,ΑΝΤΙΓΟΝΗ,0
276,ΑΝΤΡΙ,1
277,ΑΝΤΩΝΗΣ,1
281,ΑΝΤΩΝΙΑ,0
284,ΑΝΤΩΝΙΑ,0
280,ΑΝΤΩΝΙΑ,0
282,ΑΝΤΩΝΙΑ,0
278,ΑΝΤΩΝΙΑ,0
283,ΑΝΤΩΝΙΑ,0
279,ΑΝΤΩΝΙΑ,0
285,ΑΝΤΩΝΙΟΣ,0
286,ΑΝΤΩΝΙΟΣ,1
287,ΑΝΤΩΝΙΟΣ,1
288,ΑΝΤΩΝΙΟΣ,1
289,ΑΝΤΩΝΙΟΣ,1
290,ΑΞΙΟΘΕΑ,0
291,ΑΠΟΛΛΩΝ,1
292,ΑΠΟΣΤΟΛΙΑ,0
293,ΑΠΟΣΤΟΛΙΑ,0
294,ΑΠΟΣΤΟΛΟΣ,1
295,ΑΠΟΣΤΟΛΟΣ,1
296,ΑΠΟΣΤΟΛΟΣ,1
299,ΑΠΟΣΤΟΛΟΣ,0
298,ΑΠΟΣΤΟΛΟΣ,1
297,ΑΠΟΣΤΟΛΟΣ,1
300,ΑΡΓΥΡΗ,0
301,ΑΡΓΥΡΙΟΣ,0
302,ΑΡΓΥΡΙΟΣ,1
303,ΑΡΓΥΡΟΥΛΑ,0
307,ΑΡΓΥΡΩ,0
305,ΑΡΓΥΡΩ,0
304,ΑΡΓΥΡΩ,0
306,ΑΡΓΥΡΩ,0
309,ΑΡΕΤΗ,0
308,ΑΡΕΤΗ,0
312,ΑΡΗΣ,1
311,ΑΡΗΣ,1
310,ΑΡΗΣ,1
314,ΑΡΙΑΔΝΗ,0
313,ΑΡΙΑΔΝΗ,0
317,ΑΡΙΣΤΕΑ,0
316,ΑΡΙΣΤΕΑ,0
315,ΑΡΙΣΤΕΑ,0
318,ΑΡΙΣΤΕΙΔΗΣ,1
319,ΑΡΙΣΤΕΙΔΗΣ,1
320,ΑΡΙΣΤΗ,0
321,ΑΡΙΣΤΟΣ,0
323,ΑΡΙΣΤΟΤΕΛΗΣ,0
322,ΑΡΙΣΤΟΤΕΛΗΣ,1
324,ΑΡΙΣΤΟΦΑΝΗΣ,1
325,ΑΡΜΑΝΔΟΣ,1
326,ΑΡΜΠΕΝ,0
327,ΑΡΡΕΝ,1
328,ΑΡΡΕΝ,1
329,ΑΡΤΕΜΗΣ,0
332,ΑΡΤΕΜΙΣ,0
333,ΑΡΤΕΜΙΣ,0
331,ΑΡΤΕΜΙΣ,0
330,ΑΡΤΕΜΙΣ,0
334,ΑΡΧΟΝΤΙΑ,0
335,ΑΡΧΟΝΤΟΥΛΑ,0
338,ΑΣΗΜΕΝΙΑ,0
337,ΑΣΗΜΕΝΙΑ,0
336,ΑΣΗΜΕΝΙΑ,0
341,ΑΣΗΜΙΝΑ,0
340,ΑΣΗΜΙΝΑ,0
339,ΑΣΗΜΙΝΑ,0
342,ΑΣΗΜΟΥΛΑ,0
343,ΑΣΠΑΣΙΑ,0
345,ΑΣΠΑΣΙΑ,0
344,ΑΣΠΑΣΙΑ,0
346,ΑΣΠΑΣΙΑ,0
347,ΑΣΤΕΡΙΟΣ,1
348,ΑΥΓΗ,0
350,ΑΥΞΕΝΤΙΟΣ,1
349,ΑΥΞΕΝΤΙΟΣ,1
351,ΑΦΡΟΔΙΤΗ,0
352,ΑΦΡΟΔΙΤΗ,0
353,ΑΦΡΟΔΙΤΗ,0
354,ΑΧΙΛΛΕΑΣ,1
356,ΑΧΙΛΛΕΑΣ,0
355,ΑΧΙΛΛΕΑΣ,1
357,ΑΧΙΛΛΕΥΣ,1
358,ΑΧΙΛΛΕΥΣ,0
359,ΑΧΜΕΤ,1
360,ΑΧΜΕΤ,0
362,ΒΑΙΑ,0
361,ΒΑΙΑ,0
363,ΒΑΙΑ,0
364,ΒΑΙΑ,0
365,ΒΑΛΑΝΤΗΣ,1
366,ΒΑΛΑΣΗΣ,1
367,ΒΑΛΑΣΙΑ,0
368,ΒΑΛΑΣΙΑ,0
369,ΒΑΛΕΝΤΙΝ,0
370,ΒΑΛΕΝΤΙΝΑ,0
371,ΒΑΛΕΝΤΙΝΗ,0
372,ΒΑΛΕΝΤΙΝΗ,0
373,ΒΑΛΕΝΤΙΝΗ,0
377,ΒΑΡΒΑΡΑ,0
376,ΒΑΡΒΑΡΑ,0
375,ΒΑΡΒΑΡΑ,0
381,ΒΑΡΒΑΡΑ,0
380,ΒΑΡΒΑΡΑ,0
379,ΒΑΡΒΑΡΑ,0
378,ΒΑΡΒΑΡΑ,0
374,ΒΑΡΒΑΡΑ,0
382,ΒΑΡΔΗΣ,1
384,ΒΑΣΙΛΕΙΑ,0
383,ΒΑΣΙΛΕΙΑ,0
385,ΒΑΣΙΛΕΙΑ,0
397,ΒΑΣΙΛΕΙΟΣ,1
402,ΒΑΣΙΛΕΙΟΣ,0
396,ΒΑΣΙΛΕΙΟΣ,1
403,ΒΑΣΙΛΕΙΟΣ,1
395,ΒΑΣΙΛΕΙΟΣ,1
394,ΒΑΣΙΛΕΙΟΣ,1
393,ΒΑΣΙΛΕΙΟΣ,1
392,ΒΑΣΙΛΕΙΟΣ,1
391,ΒΑΣΙΛΕΙΟΣ,1
390,ΒΑΣΙΛΕΙΟΣ,1
389,ΒΑΣΙΛΕΙΟΣ,1
387,ΒΑΣΙΛΕΙΟΣ,1
386,ΒΑΣΙΛΕΙΟΣ,1
398,ΒΑΣΙΛΕΙΟΣ,1
399,ΒΑΣΙΛΕΙΟΣ,1
400,ΒΑΣΙΛΕΙΟΣ,1
401,ΒΑΣΙΛΕΙΟΣ,1
388,ΒΑΣΙΛΕΙΟΣ,1
404,ΒΑΣΙΛΙ,0
405,ΒΑΣΙΛΙΚΑ,0
417,ΒΑΣΙΛΙΚΗ,0
407,ΒΑΣΙΛΙΚΗ,0
408,ΒΑΣΙΛΙΚΗ,0
409,ΒΑΣΙΛΙΚΗ,0
410,ΒΑΣΙΛΙΚΗ,0
411,ΒΑΣΙΛΙΚΗ,0
412,ΒΑΣΙΛΙΚΗ,0
413,ΒΑΣΙΛΙΚΗ,0
414,ΒΑΣΙΛΙΚΗ,0
415,ΒΑΣΙΛΙΚΗ,0
416,ΒΑΣΙΛΙΚΗ,0
418,ΒΑΣΙΛΙΚΗ,0
419,ΒΑΣΙΛΙΚΗ,0
406,ΒΑΣΙΛΙΚΗ,0
420,ΒΑΣΙΛΙΚΗΜΑΡΙΑ,0
421,ΒΕΑΤΡΙΚΗ,0
422,ΒΕΛΙΚΑ,0
423,ΒΕΛΛΙΟΣ,1
424,ΒΕΝΕΡΑ,0
425,ΒΕΝΕΤΙΑ,0
426,ΒΕΝΕΤΙΑ,0
427,ΒΕΝΙΖΕΛΟΣ,1
428,ΒΕΡΑ,0
429,ΒΕΡΑ,0
430,ΒΕΡΓΙΝΙΑ,0
431,ΒΕΡΖΙΝ,0
432,ΒΕΡΟΝΙΚΑ,0
433,ΒΕΡΟΝΙΚΗ,0
434,ΒΕΣΕΛΚΑ,0
435,ΒΗΘΛΕΕΜ,0
436,ΒΗΘΛΕΕΜ,0
437,ΒΗΣΣΑΡΙΩΝ,1
438,ΒΗΣΣΑΡΙΩΝ,1
441,ΒΙΚΤΩΡ,1
439,ΒΙΚΤΩΡ,1
440,ΒΙΚΤΩΡ,1
442,ΒΙΚΤΩΡΙΑ,0
443,ΒΙΚΤΩΡΙΑ,0
444,ΒΙΚΤΩΡΙΑ,0
445,ΒΙΚΤΩΡΙΑ,0
446,ΒΙΟΛΕΤΑ,0
447,ΒΛΑΔΙΜΗΡΟΣ,0
448,ΒΛΑΣΙΑ,0
450,ΒΛΑΣΙΟΣ,1
449,ΒΛΑΣΙΟΣ,1
452,ΒΥΡΩΝ,1
451,ΒΥΡΩΝ,1
453,ΒΥΡΩΝΑΣ,1
455,ΓΑΒΡΙΕΛΑ,0
454,ΓΑΒΡΙΕΛΑ,0
459,ΓΑΒΡΙΗΛ,1
457,ΓΑΒΡΙΗΛ,1
458,ΓΑΒΡΙΗΛ,1
456,ΓΑΒΡΙΗΛ,1
460,ΓΑΛΑΤΙΑ,0
461,ΓΑΛΗΝΗ,0
462,ΓΑΡΥΦΑΛΙΑ,0
463,ΓΑΡΥΦΑΛΙΑ,0
464,ΓΑΡΥΦΑΛΛΙΑ,0
465,ΓΕΘΣΗΜΑΝΗ,0
466,ΓΕΝΟΒΕΦΑ,0
467,ΓΕΡΑΚΙΝΑ,0
468,ΓΕΡΑΣΙΜΟΣ,1
469,ΓΕΡΒΑΣΙΟΣ,1
470,ΓΕΣΘΗΜΑΝΗ,0
471,ΓΕΩΡΓΙΑ,0
472,ΓΕΩΡΓΙΑ,0
473,ΓΕΩΡΓΙΑ,0
475,ΓΕΩΡΓΙΑ,0
476,ΓΕΩΡΓΙΑ,0
477,ΓΕΩΡΓΙΑ,0
478,ΓΕΩΡΓΙΑ,0
479,ΓΕΩΡΓΙΑ,0
480,ΓΕΩΡΓΙΑ,0
474,ΓΕΩΡΓΙΑ,0
482,ΓΕΩΡΓΙΑ,0
483,ΓΕΩΡΓΙΑ,0
484,ΓΕΩΡΓΙΑ,0
485,ΓΕΩΡΓΙΑ,0
486,ΓΕΩΡΓΙΑ,0
487,ΓΕΩΡΓΙΑ,0
488,ΓΕΩΡΓΙΑ,0
481,ΓΕΩΡΓΙΑ,0
489,ΓΕΩΡΓΙΑΜΑΡΙΑ,0
490,ΓΕΩΡΓΙΟ,1
524,ΓΕΩΡΓΙΟΣ,1
525,ΓΕΩΡΓΙΟΣ,1
526,ΓΕΩΡΓΙΟΣ,1
530,ΓΕΩΡΓΙΟΣ,1
528,ΓΕΩΡΓΙΟΣ,1
529,ΓΕΩΡΓΙΟΣ,1
523,ΓΕΩΡΓΙΟΣ,1
531,ΓΕΩΡΓΙΟΣ,1
527,ΓΕΩΡΓΙΟΣ,1
522,ΓΕΩΡΓΙΟΣ,1
517,ΓΕΩΡΓΙΟΣ,1
520,ΓΕΩΡΓΙΟΣ,1
519,ΓΕΩΡΓΙΟΣ,1
518,ΓΕΩΡΓΙΟΣ,1
516,ΓΕΩΡΓΙΟΣ,1
515,ΓΕΩΡΓΙΟΣ,1
510,ΓΕΩΡΓΙΟΣ,1
512,ΓΕΩΡΓΙΟΣ,1
513,ΓΕΩΡΓΙΟΣ,1
532,ΓΕΩΡΓΙΟΣ,1
514,ΓΕΩΡΓΙΟΣ,1
521,ΓΕΩΡΓΙΟΣ,1
533,ΓΕΩΡΓΙΟΣ,1
498,ΓΕΩΡΓΙΟΣ,1
497,ΓΕΩΡΓΙΟΣ,1
511,ΓΕΩΡΓΙΟΣ,0
491,ΓΕΩΡΓΙΟΣ,1
492,ΓΕΩΡΓΙΟΣ,1
493,ΓΕΩΡΓΙΟΣ,1
494,ΓΕΩΡΓΙΟΣ,1
495,ΓΕΩΡΓΙΟΣ,1
496,ΓΕΩΡΓΙΟΣ,1
534,ΓΕΩΡΓΙΟΣ,1
509,ΓΕΩΡΓΙΟΣ,1
508,ΓΕΩΡΓΙΟΣ,1
500,ΓΕΩΡΓΙΟΣ,1
501,ΓΕΩΡΓΙΟΣ,1
502,ΓΕΩΡΓΙΟΣ,1
503,ΓΕΩΡΓΙΟΣ,1
504,ΓΕΩΡΓΙΟΣ,1
505,ΓΕΩΡΓΙΟΣ,1
506,ΓΕΩΡΓΙΟΣ,1
507,ΓΕΩΡΓΙΟΣ,1
499,ΓΕΩΡΓΙΟΣ,1
535,ΓΕΩΡΓΙΟΣΧΡΗΣΤΟΣ,1
536,ΓΙΑΝΝΑ,0
537,ΓΙΑΝΝΗΣ,0
538,ΓΙΑΝΝΟΥΛΑ,0
539,ΓΙΑΝΝΟΥΛΑ,0
540,ΓΙΟΛΑΝΤΑ,0
541,ΓΚΑΓΙΑΝΕ,0
542,ΓΚΑΛΙΝ,0
543,ΓΚΑΛΙΝΑ,0
544,ΓΚΕΖΙΜ,0
545,ΓΚΕΛΑ,0
546,ΓΚΕΝΤΙΑΝ,0
547,ΓΚΕΡΛΙΝΤ,0
548,ΓΚΙΟΥΛΣΕΡ,0
549,ΓΚΙΟΥΝΑΗ,0
550,ΓΚΟΛΦΩ,0
551,ΓΡΑΜΜΑΤΙΚΗ,0
552,ΓΡΑΜΜΑΤΩ,0
553,ΓΡΗΓΟΡΗΣ,1
554,ΓΡΗΓΟΡΙΑ,0
555,ΓΡΗΓΟΡΙΑ,0
560,ΓΡΗΓΟΡΙΟΣ,0
556,ΓΡΗΓΟΡΙΟΣ,1
561,ΓΡΗΓΟΡΙΟΣ,1
557,ΓΡΗΓΟΡΙΟΣ,1
559,ΓΡΗΓΟΡΙΟΣ,1
558,ΓΡΗΓΟΡΙΟΣ,1
562,ΔΑΜΙΑΝΟΣ,1
568,ΔΑΝΑΗ,0
563,ΔΑΝΑΗ,0
564,ΔΑΝΑΗ,0
565,ΔΑΝΑΗ,0
567,ΔΑΝΑΗ,0
569,ΔΑΝΑΗ,0
570,ΔΑΝΑΗ,0
566,ΔΑΝΑΗ,0
571,ΔΑΝΙΗΛ,0
572,ΔΑΥΙΔ,1
577,ΔΑΦΝΗ,0
575,ΔΑΦΝΗ,0
576,ΔΑΦΝΗ,0
573,ΔΑΦΝΗ,1
574,ΔΑΦΝΗ,0
578,ΔΕΣΠΟΙ,0
592,ΔΕΣΠΟΙΝΑ,0
591,ΔΕΣΠΟΙΝΑ,0
590,ΔΕΣΠΟΙΝΑ,0
589,ΔΕΣΠΟΙΝΑ,0
588,ΔΕΣΠΟΙΝΑ,0
587,ΔΕΣΠΟΙΝΑ,0
586,ΔΕΣΠΟΙΝΑ,0
584,ΔΕΣΠΟΙΝΑ,0
585,ΔΕΣΠΟΙΝΑ,0
582,ΔΕΣΠΟΙΝΑ,0
581,ΔΕΣΠΟΙΝΑ,0
580,ΔΕΣΠΟΙΝΑ,0
579,ΔΕΣΠΟΙΝΑ,0
583,ΔΕΣΠΟΙΝΑ,0
608,ΔΗΜΗΤΡΑ,0
600,ΔΗΜΗΤΡΑ,0
603,ΔΗΜΗΤΡΑ,0
606,ΔΗΜΗΤΡΑ,0
609,ΔΗΜΗΤΡΑ,0
610,ΔΗΜΗΤΡΑ,0
602,ΔΗΜΗΤΡΑ,0
601,ΔΗΜΗΤΡΑ,0
599,ΔΗΜΗΤΡΑ,0
607,ΔΗΜΗΤΡΑ,0
597,ΔΗΜΗΤΡΑ,0
596,ΔΗΜΗΤΡΑ,0
595,ΔΗΜΗΤΡΑ,0
594,ΔΗΜΗΤΡΑ,0
593,ΔΗΜΗΤΡΑ,0
605,ΔΗΜΗΤΡΑ,0
598,ΔΗΜΗΤΡΑ,0
604,ΔΗΜΗΤΡΑ,0
612,ΔΗΜΗΤΡΗΣ,0
611,ΔΗΜΗΤΡΗΣ,1
619,ΔΗΜΗΤΡΙΟΣ,1
620,ΔΗΜΗΤΡΙΟΣ,1
638,ΔΗΜΗΤΡΙΟΣ,1
624,ΔΗΜΗΤΡΙΟΣ,0
639,ΔΗΜΗΤΡΙΟΣ,1
640,ΔΗΜΗΤΡΙΟΣ,1
615,ΔΗΜΗΤΡΙΟΣ,1
641,ΔΗΜΗΤΡΙΟΣ,1
642,ΔΗΜΗΤΡΙΟΣ,1
614,ΔΗΜΗΤΡΙΟΣ,1
643,ΔΗΜΗΤΡΙΟΣ,1
644,ΔΗΜΗΤΡΙΟΣ,1
613,ΔΗΜΗΤΡΙΟΣ,1
636,ΔΗΜΗΤΡΙΟΣ,1
635,ΔΗΜΗΤΡΙΟΣ,1
634,ΔΗΜΗΤΡΙΟΣ,1
637,ΔΗΜΗΤΡΙΟΣ,1
633,ΔΗΜΗΤΡΙΟΣ,1
631,ΔΗΜΗΤΡΙΟΣ,1
630,ΔΗΜΗΤΡΙΟΣ,1
629,ΔΗΜΗΤΡΙΟΣ,1
616,ΔΗΜΗΤΡΙΟΣ,1
628,ΔΗΜΗΤΡΙΟΣ,1
627,ΔΗΜΗΤΡΙΟΣ,1
626,ΔΗΜΗΤΡΙΟΣ,1
621,ΔΗΜΗΤΡΙΟΣ,1
625,ΔΗΜΗΤΡΙΟΣ,1
623,ΔΗΜΗΤΡΙΟΣ,1
617,ΔΗΜΗΤΡΙΟΣ,1
618,ΔΗΜΗΤΡΙΟΣ,1
632,ΔΗΜΗΤΡΙΟΣ,1
622,ΔΗΜΗΤΡΙΟΣ,1
645,ΔΗΜΗΤΡΟΥΛΑ,0
646,ΔΗΜΗΤΡΟΥΛΑ,0
647,ΔΗΜΟΚΡΙΤΟΣ,1
648,ΔΗΜΟΣΘΕΝΗΣ,1
649,ΔΗΜΟΥΛΑ,0
650,ΔΙΑΛΕΚΤΗ,0
651,ΔΙΑΛΕΧΤΗ,0
652,ΔΙΑΜΑΝΤΗ,0
653,ΔΙΑΜΑΝΤΟΥΛΑ,0
654,ΔΙΟΓΕΝΗΣ,1
655,ΔΙΟΜΗΔΗΣ,1
656,ΔΙΟΝΥΣΗΣ,1
658,ΔΙΟΝΥΣΙΑ,0
657,ΔΙΟΝΥΣΙΑ,0
659,ΔΙΟΝΥΣΙΟΣ,1
660,ΔΙΟΝΥΣΙΟΣ,1
661,ΔΟΜΝΑ,0
662,ΔΟΜΝΙΚΗ,0
663,ΔΡΟΣΙΑ,0
664,ΔΡΟΣΙΑ,0
665,ΔΩΡΟΘΕΑ,0
666,ΔΩΡΟΘΕΑ,0
667,ΕΒΙΤΑ,0
669,ΕΙΡΗΝΑΙΟΣ,1
668,ΕΙΡΗΝΑΙΟΣ,1
701,ΕΙΡΗΝΗ,0
675,ΕΙΡΗΝΗ,0
671,ΕΙΡΗΝΗ,0
702,ΕΙΡΗΝΗ,0
700,ΕΙΡΗΝΗ,0
699,ΕΙΡΗΝΗ,0
698,ΕΙΡΗΝΗ,0
697,ΕΙΡΗΝΗ,0
696,ΕΙΡΗΝΗ,0
695,ΕΙΡΗΝΗ,0
694,ΕΙΡΗΝΗ,0
693,ΕΙΡΗΝΗ,0
692,ΕΙΡΗΝΗ,0
691,ΕΙΡΗΝΗ,0
690,ΕΙΡΗΝΗ,0
689,ΕΙΡΗΝΗ,0
670,ΕΙΡΗΝΗ,0
688,ΕΙΡΗΝΗ,0
686,ΕΙΡΗΝΗ,0
685,ΕΙΡΗΝΗ,0
684,ΕΙΡΗΝΗ,0
683,ΕΙΡΗΝΗ,0
682,ΕΙΡΗΝΗ,0
681,ΕΙΡΗΝΗ,0
680,ΕΙΡΗΝΗ,0
679,ΕΙΡΗΝΗ,0
677,ΕΙΡΗΝΗ,0
676,ΕΙΡΗΝΗ,0
674,ΕΙΡΗΝΗ,0
673,ΕΙΡΗΝΗ,0
672,ΕΙΡΗΝΗ,0
687,ΕΙΡΗΝΗ,0
678,ΕΙΡΗΝΗ,0
703,ΕΙΡΗΝΗ,0
704,ΕΙΡΗΝΗ,0
705,ΕΙΡΗΝΗ,0
706,ΕΚΑΒΗ,0
707,ΕΛ,0
708,ΕΛΒΙΡΑ,0
710,ΕΛΕΝΑ,0
709,ΕΛΕΝΑ,0
726,ΕΛΕΝΗ,0
725,ΕΛΕΝΗ,0
724,ΕΛΕΝΗ,0
723,ΕΛΕΝΗ,0
722,ΕΛΕΝΗ,0
721,ΕΛΕΝΗ,0
720,ΕΛΕΝΗ,0
717,ΕΛΕΝΗ,0
718,ΕΛΕΝΗ,0
716,ΕΛΕΝΗ,0
715,ΕΛΕΝΗ,0
713,ΕΛΕΝΗ,0
712,ΕΛΕΝΗ,0
711,ΕΛΕΝΗ,0
719,ΕΛΕΝΗ,0
714,ΕΛΕΝΗ,1
727,ΕΛΕΝΗ,0
729,ΕΛΕΝΗ,0
742,ΕΛΕΝΗ,0
741,ΕΛΕΝΗ,0
740,ΕΛΕΝΗ,0
728,ΕΛΕΝΗ,0
738,ΕΛΕΝΗ,0
737,ΕΛΕΝΗ,0
739,ΕΛΕΝΗ,0
735,ΕΛΕΝΗ,0
734,ΕΛΕΝΗ,0
733,ΕΛΕΝΗ,0
732,ΕΛΕΝΗ,0
731,ΕΛΕΝΗ,0
736,ΕΛΕΝΗ,0
730,ΕΛΕΝΗ,0
743,ΕΛΕΝΙΤΣΑ,0
744,ΕΛΕΟΝΩΡΑ,0
745,ΕΛΕΟΝΩΡΑ,0
746,ΕΛΕΥΘΕΡΙ,0
752,ΕΛΕΥΘΕΡΙΑ,0
748,ΕΛΕΥΘΕΡΙΑ,0
749,ΕΛΕΥΘΕΡΙΑ,0
750,ΕΛΕΥΘΕΡΙΑ,0
747,ΕΛΕΥΘΕΡΙΑ,0
753,ΕΛΕΥΘΕΡΙΑ,0
751,ΕΛΕΥΘΕΡΙΑ,0
754,ΕΛΕΥΘΕΡΙΑ,0
755,ΕΛΕΥΘΕΡΙΑ,0
756,ΕΛΕΥΘΕΡΙΑ,0
759,ΕΛΕΥΘΕΡΙΟΣ,1
758,ΕΛΕΥΘΕΡΙΟΣ,0
757,ΕΛΕΥΘΕΡΙΟΣ,1
760,ΕΛΙΖΑΜΠΕΘ,0
761,ΕΛΙΖΑΜΠΕΘ,0
762,ΕΛΙΣΑΒΕΤ,0
763,ΕΛΙΣΑΒΕΤ,0
764,ΕΛΙΣΑΒΕΤ,0
765,ΕΛΙΣΑΒΕΤ,0
766,ΕΛΙΣΑΒΕΤ,0
767,ΕΛΙΣΑΒΕΤ,0
770,ΕΛΙΣΣΑΒΕΤ,0
771,ΕΛΙΣΣΑΒΕΤ,0
769,ΕΛΙΣΣΑΒΕΤ,0
768,ΕΛΙΣΣΑΒΕΤ,0
772,ΕΛΛΑΣ,0
778,ΕΛΛΗ,0
777,ΕΛΛΗ,0
776,ΕΛΛΗ,0
775,ΕΛΛΗ,0
774,ΕΛΛΗ,0
773,ΕΛΛΗ,0
779,ΕΛΛΙΣΑΒΕΤ,0
781,ΕΛΠΙΔΑ,0
780,ΕΛΠΙΔΑ,0
785,ΕΛΠΙΔΑ,0
782,ΕΛΠΙΔΑ,0
783,ΕΛΠΙΔΑ,0
784,ΕΛΠΙΔΑ,0
786,ΕΛΠΙΝΙΚΗ,0
787,ΕΛΠΙΣ,0
788,ΕΜΑΝΤ,1
789,ΕΜΜΑΝΟΥΕΛΑ,0
790,ΕΜΜΑΝΟΥΗΛ,1
796,ΕΜΜΑΝΟΥΗΛ,0
800,ΕΜΜΑΝΟΥΗΛ,1
799,ΕΜΜΑΝΟΥΗΛ,1
797,ΕΜΜΑΝΟΥΗΛ,1
795,ΕΜΜΑΝΟΥΗΛ,1
794,ΕΜΜΑΝΟΥΗΛ,1
793,ΕΜΜΑΝΟΥΗΛ,1
792,ΕΜΜΑΝΟΥΗΛ,1
798,ΕΜΜΑΝΟΥΗΛ,1
791,ΕΜΜΑΝΟΥΗΛ,1
801,ΕΝΤΑ,0
802,ΕΝΤΓΚΑΡ,1
804,ΕΡΑΣΜΙΑ,0
803,ΕΡΑΣΜΙΑ,0
805,ΕΡΗΝΗ,0
806,ΕΡΙΚΑ,0
807,ΕΡΜΑΛ,0
808,ΕΡΜΙΟΝΗ,0
809,ΕΡΜΙΟΝΗ,0
810,ΕΣΘΗΡ,0
811,ΕΥΑ,0
812,ΕΥΑ,0
813,ΕΥΑ,0
814,ΕΥΑΓΓΕΛΗ,0
834,ΕΥΑΓΓΕΛΙΑ,0
818,ΕΥΑΓΓΕΛΙΑ,0
815,ΕΥΑΓΓΕΛΙΑ,0
831,ΕΥΑΓΓΕΛΙΑ,0
830,ΕΥΑΓΓΕΛΙΑ,0
829,ΕΥΑΓΓΕΛΙΑ,0
828,ΕΥΑΓΓΕΛΙΑ,0
827,ΕΥΑΓΓΕΛΙΑ,0
826,ΕΥΑΓΓΕΛΙΑ,0
825,ΕΥΑΓΓΕΛΙΑ,0
824,ΕΥΑΓΓΕΛΙΑ,0
823,ΕΥΑΓΓΕΛΙΑ,0
822,ΕΥΑΓΓΕΛΙΑ,0
821,ΕΥΑΓΓΕΛΙΑ,0
820,ΕΥΑΓΓΕΛΙΑ,0
819,ΕΥΑΓΓΕΛΙΑ,0
817,ΕΥΑΓΓΕΛΙΑ,0
832,ΕΥΑΓΓΕΛΙΑ,0
833,ΕΥΑΓΓΕΛΙΑ,0
816,ΕΥΑΓΓΕΛΙΑ,1
844,ΕΥΑΓΓΕΛΟΣ,1
841,ΕΥΑΓΓΕΛΟΣ,0
835,ΕΥΑΓΓΕΛΟΣ,1
836,ΕΥΑΓΓΕΛΟΣ,1
837,ΕΥΑΓΓΕΛΟΣ,1
838,ΕΥΑΓΓΕΛΟΣ,1
839,ΕΥΑΓΓΕΛΟΣ,1
840,ΕΥΑΓΓΕΛΟΣ,1
842,ΕΥΑΓΓΕΛΟΣ,1
843,ΕΥΑΓΓΕΛΟΣ,1
845,ΕΥΑΝΘΙΑ,0
846,ΕΥΑΝΘΙΑ,0
847,ΕΥΑΝΘΙΑ,0
848,ΕΥΑΝΘΙΑ,0
849,ΕΥΓΕΝΙΑ,0
850,ΕΥΓΕΝΙΑ,0
851,ΕΥΓΕΝΙΑ,0
853,ΕΥΓΕΝΙΑ,0
852,ΕΥΓΕΝΙΑ,0
854,ΕΥΓΕΝΙΟΣ,1
857,ΕΥΔΟΚΙΑ,0
856,ΕΥΔΟΚΙΑ,0
855,ΕΥΔΟΚΙΑ,0
858,ΕΥΔΟΞΙΑ,0
859,ΕΥΘΑΛΙΑ,0
863,ΕΥΘΥΜΙΑ,0
862,ΕΥΘΥΜΙΑ,0
860,ΕΥΘΥΜΙΑ,0
861,ΕΥΘΥΜΙΑ,0
864,ΕΥΘΥΜΙΟΣ,0
865,ΕΥΘΥΜΙΟΣ,1
866,ΕΥΘΥΜΙΟΣ,1
867,ΕΥΛΑΛΙΑ,0
868,ΕΥΛΑΛΙΑ,0
869,ΕΥΜΟΡΦΙΑ,0
870,ΕΥΜΟΡΦΙΛΗ,0
871,ΕΥΜΟΡΦΟΥΛΑ,0
872,ΕΥΠΡΑΞΙΑ,0
873,ΕΥΡΙΔΙΚΗ,0
874,ΕΥΡΙΔΙΚΗ,0
875,ΕΥΡΙΚΛΕΙΑ,0
876,ΕΥΡΙΠΙΔΗΣ,0
877,ΕΥΡΩΠΗ,0
878,ΕΥΣΕΒΙΑ,0
879,ΕΥΣΕΒΙΑ,0
880,ΕΥΣΤΑΘΙΑ,0
882,ΕΥΣΤΑΘΙΑ,0
881,ΕΥΣΤΑΘΙΑ,0
884,ΕΥΣΤΑΘΙΟΣ,1
885,ΕΥΣΤΑΘΙΟΣ,1
883,ΕΥΣΤΑΘΙΟΣ,0
886,ΕΥΣΤΡΑΤΙΑ,0
887,ΕΥΣΤΡΑΤΙΑ,0
888,ΕΥΣΤΡΑΤΙΟΣ,1
889,ΕΥΣΤΡΑΤΙΟΣ,1
890,ΕΥΣΤΡΑΤΙΟΣ,1
891,ΕΥΤΕΡΠΗ,0
893,ΕΥΤΥΧΙΑ,0
892,ΕΥΤΥΧΙΑ,0
894,ΕΥΤΥΧΙΑ,0
895,ΕΥΦΡΟΣΥΝΗ,0
896,ΕΥΦΡΟΣΥΝΗ,0
897,ΕΥΦΡΟΣΥΝΗ,0
898,ΕΦΗ,0
899,ΕΦΡΑΙΜ,1
900,ΖΑΙΡΑ,0
901,ΖΑΝΑ,0
902,ΖΑΦΕΙΡΗΣ,1
903,ΖΑΦΕΙΡΙΑ,0
904,ΖΑΦΕΙΡΙΟΣ,1
905,ΖΑΦΕΙΡΙΟΣ,1
906,ΖΑΦΕΙΡΙΟΣ,1
908,ΖΑΦΕΙΡΩ,0
907,ΖΑΦΕΙΡΩ,0
909,ΖΑΧΑΡΕΝΙΑ,0
910,ΖΑΧΑΡΙΑΣ,1
911,ΖΑΧΑΡΙΑΣ,1
913,ΖΑΧΑΡΟΥΛΑ,0
914,ΖΑΧΑΡΟΥΛΑ,0
912,ΖΑΧΑΡΟΥΛΑ,0
915,ΖΑΧΑΡΩ,0
916,ΖΗΝΑ,0
918,ΖΗΝΟΒΙΑ,0
917,ΖΗΝΟΒΙΑ,0
919,ΖΟΥΜΠΟΥΛΙΑ,0
920,ΖΟΥΡΑΜΠ,0
921,ΖΟΥΡΑΜΠΙ,0
922,ΖΩΓΡΑΦΙΑ,0
929,ΖΩΗ,0
931,ΖΩΗ,0
932,ΖΩΗ,0
928,ΖΩΗ,0
927,ΖΩΗ,0
930,ΖΩΗ,0
925,ΖΩΗ,0
924,ΖΩΗ,0
923,ΖΩΗ,0
926,ΖΩΗ,0
934,ΖΩΙΤΣΑ,0
933,ΖΩΙΤΣΑ,0
939,ΗΛΕΚΤΡΑ,0
938,ΗΛΕΚΤΡΑ,0
936,ΗΛΕΚΤΡΑ,0
935,ΗΛΕΚΤΡΑ,0
937,ΗΛΕΚΤΡΑ,0
940,ΗΛΕΚΤΡΑ,0
941,ΗΛΕΚΤΡΑ,0
942,ΗΛΙΑ,0
944,ΗΛΙΑΝΑ,0
943,ΗΛΙΑΝΑ,0
945,ΗΛΙΑΝΗ,0
946,ΗΛΙΑΣ,0
947,ΗΛΙΑΣ,1
948,ΗΛΙΑΣ,1
949,ΗΛΙΑΣ,1
950,ΗΡΑΚΛΗΣ,0
951,ΗΡΑΚΛΗΣ,1
952,ΘΑΛΕΙΑ,0
953,ΘΑΝΑΣ,0
954,ΘΕΑΝΟΥΛΑ,0
955,ΘΕΑΝΩ,0
956,ΘΕΜΗ,0
957,ΘΕΟΔΟΣΗΣ,1
958,ΘΕΟΔΟΣΙΑ,0
959,ΘΕΟΔΟΣΙΟΣ,0
960,ΘΕΟΔΟΤΑ,0
971,ΘΕΟΔΩΡΑ,0
969,ΘΕΟΔΩΡΑ,0
968,ΘΕΟΔΩΡΑ,0
967,ΘΕΟΔΩΡΑ,0
966,ΘΕΟΔΩΡΑ,0
965,ΘΕΟΔΩΡΑ,0
970,ΘΕΟΔΩΡΑ,0
963,ΘΕΟΔΩΡΑ,0
962,ΘΕΟΔΩΡΑ,0
961,ΘΕΟΔΩΡΑ,0
964,ΘΕΟΔΩΡΑ,0
974,ΘΕΟΔΩΡΟΣ,1
975,ΘΕΟΔΩΡΟΣ,1
976,ΘΕΟΔΩΡΟΣ,1
977,ΘΕΟΔΩΡΟΣ,1
978,ΘΕΟΔΩΡΟΣ,1
979,ΘΕΟΔΩΡΟΣ,1
981,ΘΕΟΔΩΡΟΣ,1
973,ΘΕΟΔΩΡΟΣ,1
980,ΘΕΟΔΩΡΟΣ,0
972,ΘΕΟΔΩΡΟΣ,1
982,ΘΕΟΔΩΡΟΣ,1
983,ΘΕΟΛΟΓΙΑ,0
984,ΘΕΟΛΟΓΟΣ,0
985,ΘΕΟΠΙΣΤΗ,0
986,ΘΕΟΦΑΝΗ,0
988,ΘΕΟΦΑΝΗΣ,1
987,ΘΕΟΦΑΝΗΣ,0
989,ΘΕΟΦΑΝΙΑ,0
993,ΘΕΟΦΙΛΟΣ,1
991,ΘΕΟΦΙΛΟΣ,1
990,ΘΕΟΦΙΛΟΣ,1
992,ΘΕΟΦΙΛΟΣ,1
994,ΘΕΟΦΥΛΑΚΤΟΣ,1
995,ΘΕΟΧΑΡΗΣ,1
996,ΘΕΟΧΑΡΗΣ,1
999,ΘΕΟΧΑΡΗΣ,0
997,ΘΕΟΧΑΡΗΣ,1
998,ΘΕΟΧΑΡΗΣ,1
1000,ΘΕΤΙΣ,0
1001,ΘΕΩΝΗ,0
1002,ΘΗΡΕΣΙΑ,0
1003,ΘΩΜΑ,0
1006,ΘΩΜΑΗ,0
1005,ΘΩΜΑΗ,0
1004,ΘΩΜΑΗ,0
1015,ΘΩΜΑΣ,1
1014,ΘΩΜΑΣ,1
1010,ΘΩΜΑΣ,0
1012,ΘΩΜΑΣ,1
1011,ΘΩΜΑΣ,1
1013,ΘΩΜΑΣ,1
1008,ΘΩΜΑΣ,1
1007,ΘΩΜΑΣ,1
1009,ΘΩΜΑΣ,1
1016,ΙΑΚΩΒΟΣ,1
1017,ΙΑΚΩΒΟΣ,1
1018,ΙΑΚΩΒΟΣ,1
1019,ΙΑΣΩΝ,1
1020,ΙΑΣΩΝ,1
1021,ΙΒ,1
1022,ΙΒΑΝΚΑ,0
1023,ΙΕΡΟΥΣΑΛΗΜ,0
1024,ΙΖΟΛΝΤΑ,0
1025,ΙΛΙΡ,0
1026,ΙΛΜΙΕ,0
1027,ΙΛΝΤΑ,0
1028,ΙΛΝΤΙΚΟ,0
1029,ΙΜΕΝΤΑ,0
1030,ΙΝΓΚΑ,0
1031,ΙΝΓΚΡΙΝΤ,0
1032,ΙΝΓΚΡΙΝΤ,0
1033,ΙΟΛΑΝΔΗ,0
1034,ΙΟΝΕΛΑ,0
1035,ΙΟΝΙΚΑ,0
1036,ΙΟΡΔΑΝΑ,0
1037,ΙΟΡΔΑΝΑ,0
1038,ΙΟΡΔΑΝΗΣ,1
1039,ΙΟΥΛΙΑ,0
1041,ΙΟΥΛΙΑ,0
1040,ΙΟΥΛΙΑ,0
1042,ΙΟΥΛΙΑΝ,1
1043,ΙΡΙΣ,0
1044,ΙΡΙΣ,0
1045,ΙΣΑΑΚ,0
1046,ΙΣΙΔΩΡΟΣ,1
1047,ΙΣΜΗΝΗ,0
1048,ΙΦΙΓΕΝΕΙΑ,0
1049,ΙΦΙΓΕΝΕΙΑ,0
1050,ΙΦΙΓΕΝΕΙΑ,0
1052,ΙΩΑΚΕΙΜ,1
1051,ΙΩΑΚΕΙΜ,0
1053,ΙΩΑΝ,1
1071,ΙΩΑΝΝΑ,0
1070,ΙΩΑΝΝΑ,0
1069,ΙΩΑΝΝΑ,0
1068,ΙΩΑΝΝΑ,0
1066,ΙΩΑΝΝΑ,0
1065,ΙΩΑΝΝΑ,0
1064,ΙΩΑΝΝΑ,0
1063,ΙΩΑΝΝΑ,0
1062,ΙΩΑΝΝΑ,0
1060,ΙΩΑΝΝΑ,0
1059,ΙΩΑΝΝΑ,0
1058,ΙΩΑΝΝΑ,0
1057,ΙΩΑΝΝΑ,0
1056,ΙΩΑΝΝΑ,0
1055,ΙΩΑΝΝΑ,0
1054,ΙΩΑΝΝΑ,0
1072,ΙΩΑΝΝΑ,0
1061,ΙΩΑΝΝΑ,0
1073,ΙΩΑΝΝΑ,0
1067,ΙΩΑΝΝΑ,0
1091,ΙΩΑΝΝΗΣ,1
1088,ΙΩΑΝΝΗΣ,1
1099,ΙΩΑΝΝΗΣ,1
1086,ΙΩΑΝΝΗΣ,1
1085,ΙΩΑΝΝΗΣ,1
1084,ΙΩΑΝΝΗΣ,1
1083,ΙΩΑΝΝΗΣ,1
1082,ΙΩΑΝΝΗΣ,1
1081,ΙΩΑΝΝΗΣ,1
1080,ΙΩΑΝΝΗΣ,1
1079,ΙΩΑΝΝΗΣ,1
1078,ΙΩΑΝΝΗΣ,1
1076,ΙΩΑΝΝΗΣ,1
1090,ΙΩΑΝΝΗΣ,1
1075,ΙΩΑΝΝΗΣ,1
1074,ΙΩΑΝΝΗΣ,1
1092,ΙΩΑΝΝΗΣ,1
1093,ΙΩΑΝΝΗΣ,1
1100,ΙΩΑΝΝΗΣ,1
1101,ΙΩΑΝΝΗΣ,1
1102,ΙΩΑΝΝΗΣ,1
1103,ΙΩΑΝΝΗΣ,1
1104,ΙΩΑΝΝΗΣ,1
1105,ΙΩΑΝΝΗΣ,1
1089,ΙΩΑΝΝΗΣ,1
1106,ΙΩΑΝΝΗΣ,1
1109,ΙΩΑΝΝΗΣ,1
1097,ΙΩΑΝΝΗΣ,1
1110,ΙΩΑΝΝΗΣ,1
1111,ΙΩΑΝΝΗΣ,1
1096,ΙΩΑΝΝΗΣ,1
1094,ΙΩΑΝΝΗΣ,1
1107,ΙΩΑΝΝΗΣ,1
1077,ΙΩΑΝΝΗΣ,0
1087,ΙΩΑΝΝΗΣ,1
1108,ΙΩΑΝΝΗΣ,0
1095,ΙΩΑΝΝΗΣ,0
1098,ΙΩΑΝΝΗΣ,1
1112,ΙΩΑΝΝΙΚΙΟΣ,1
1113,ΙΩΑΝΝΟΥ,0
1114,ΙΩΣΗΦ,1
1115,ΙΩΣΗΦ,0
1116,ΚΑΘΟΛΙΚΗ,0
1117,ΚΑΛΗ,0
1118,ΚΑΛΛΙΘΕΑ,0
1119,ΚΑΛΛΙΝΙΚΗ,0
1121,ΚΑΛΛΙΟΠΗ,0
1122,ΚΑΛΛΙΟΠΗ,0
1123,ΚΑΛΛΙΟΠΗ,0
1124,ΚΑΛΛΙΟΠΗ,0
1120,ΚΑΛΛΙΟΠΗ,0
1125,ΚΑΛΟΜΟΙΡΑ,0
1126,ΚΑΡΕΝ,0
1127,ΚΑΡΙΝΑ,0
1128,ΚΑΡΛ,1
1129,ΚΑΡΜΕΝ,0
1130,ΚΑΡΟΛΥ,1
1131,ΚΑΣΣΑΝΔΡΑ,0
1132,ΚΑΣΣΙΑΝΗ,0
1133,ΚΑΤΑΛΙΝ,0
1135,ΚΑΤΕΡΙΝΑ,0
1134,ΚΑΤΕΡΙΝΑ,0
1136,ΚΑΤΙΝΑ,0
1137,ΚΑΤΙΝΑ,0
1138,ΚΕΡΑΣΑ,0
1139,ΚΕΡΑΣΙΑ,0
1140,ΚΕΡΑΣΙΑ,0
1141,ΚΕΡΑΣΩ,0
1142,ΚΕΤΕΒΑΝ,0
1144,ΚΙΜΩΝ,1
1143,ΚΙΜΩΝ,1
1145,ΚΙΣΜΕΤ,0
1146,ΚΛΑΙΡΗ,0
1147,ΚΛΑΟΥΝΤΙΑ,0
1148,ΚΛΑΟΥΝΤΙΑ,0
1149,ΚΛΑΟΥΝΤΙΟ,1
1150,ΚΛΑΟΥΣ,1
1151,ΚΛΑΡΙΣΑ,0
1152,ΚΛΕΑΝΘΗ,0
1153,ΚΛΕΑΝΘΗΣ,1
1154,ΚΛΕΑΡΧΟΣ,1
1156,ΚΛΕΟΝΙΚΗ,0
1157,ΚΛΕΟΝΙΚΗ,0
1158,ΚΛΕΟΝΙΚΗ,0
1155,ΚΛΕΟΝΙΚΗ,0
1159,ΚΛΕΟΠΑΤΡΑ,0
1160,ΚΛΕΟΠΑΤΡΑ,0
1161,ΚΛΕΟΠΑΤΡΑ,0
1162,ΚΛΟΝΤΙΑΝ,0
1163,ΚΛΩΝΑΡΑ,0
1164,ΚΟΖΕΤΑ,0
1165,ΚΟΜΝΗΝΟΣ,1
1166,ΚΟΝΔΥΛΕΝΙΑ,0
1167,ΚΟΡΑΛΙΑ,0
1168,ΚΟΡΝΕΛΙΑ,0
1169,ΚΟΡΝΗΛΙΑ,0
1170,ΚΟΡΝΗΛΙΟΣ,1
1171,ΚΟΡΤΕΣΑ,0
1172,ΚΟΣΜΑΣ,1
1173,ΚΟΥΙΤΙΜ,0
1176,ΚΡΙΣΤΙΑΝ,1
1175,ΚΡΙΣΤΙΑΝ,1
1174,ΚΡΙΣΤΙΑΝ,0
1177,ΚΡΙΣΤΙΝΑ,0
1178,ΚΡΙΣΤΙΝΑ,0
1179,ΚΡΙΣΤΙΝΑ,0
1180,ΚΡΙΣΤΙΝΑ,0
1181,ΚΡΙΣΤΙΝΑ,0
1182,ΚΡΙΣΤΙΝΕ,0
1183,ΚΡΙΣΤΟ,1
1184,ΚΡΥΣΤΑΛΛΙΑ,0
1185,ΚΡΥΣΤΑΛΛΩ,0
1186,ΚΥ,0
1187,ΚΥΠΑΡΙΣΗΣ,1
1190,ΚΥΡΙΑΚΗ,0
1188,ΚΥΡΙΑΚΗ,0
1189,ΚΥΡΙΑΚΗ,0
1191,ΚΥΡΙΑΚΗ,0
1192,ΚΥΡΙΑΚΗ,0
1193,ΚΥΡΙΑΚΗ,0
1194,ΚΥΡΙΑΚΗ,0
1195,ΚΥΡΙΑΚΗ,0
1196,ΚΥΡΙΑΚΗ,0
1197,ΚΥΡΙΑΚΗ,0
1198,ΚΥΡΙΑΚΙΤΣΑ,0
1199,ΚΥΡΙΑΚΙΤΣΑ,0
1202,ΚΥΡΙΑΚΟΣ,0
1200,ΚΥΡΙΑΚΟΣ,1
1201,ΚΥΡΙΑΚΟΣ,1
1203,ΚΥΡΙΑΚΟΥΛΑ,0
1204,ΚΩΝ,1
1206,ΚΩΝ,1
1205,ΚΩΝ,1
1212,ΚΩΝ,1
1207,ΚΩΝ,0
1208,ΚΩΝ,0
1209,ΚΩΝ,0
1210,ΚΩΝ,0
1211,ΚΩΝ,1
1213,ΚΩΝΣΤΑΝΤ,0
1214,ΚΩΝΣΤΑΝΤΙ,0
1215,ΚΩΝΣΤΑΝΤΙ,0
1219,ΚΩΝΣΤΑΝΤΙΑ,0
1216,ΚΩΝΣΤΑΝΤΙΑ,0
1217,ΚΩΝΣΤΑΝΤΙΑ,0
1218,ΚΩΝΣΤΑΝΤΙΑ,0
1220,ΚΩΝΣΤΑΝΤΙΑ,0
1221,ΚΩΝΣΤΑΝΤΙΝ,0
1222,ΚΩΝΣΤΑΝΤΙΝ,1
1223,ΚΩΝΣΤΑΝΤΙΝ,1
1230,ΚΩΝΣΤΑΝΤΙΝΑ,0
1229,ΚΩΝΣΤΑΝΤΙΝΑ,0
1226,ΚΩΝΣΤΑΝΤΙΝΑ,1
1232,ΚΩΝΣΤΑΝΤΙΝΑ,0
1231,ΚΩΝΣΤΑΝΤΙΝΑ,0
1234,ΚΩΝΣΤΑΝΤΙΝΑ,0
1235,ΚΩΝΣΤΑΝΤΙΝΑ,0
1236,ΚΩΝΣΤΑΝΤΙΝΑ,0
1237,ΚΩΝΣΤΑΝΤΙΝΑ,0
1233,ΚΩΝΣΤΑΝΤΙΝΑ,0
1239,ΚΩΝΣΤΑΝΤΙΝΑ,0
1240,ΚΩΝΣΤΑΝΤΙΝΑ,0
1227,ΚΩΝΣΤΑΝΤΙΝΑ,0
1228,ΚΩΝΣΤΑΝΤΙΝΑ,0
1225,ΚΩΝΣΤΑΝΤΙΝΑ,0
1238,ΚΩΝΣΤΑΝΤΙΝΑ,0
1224,ΚΩΝΣΤΑΝΤΙΝΑ,0
1241,ΚΩΝΣΤΑΝΤΙΝΙΑ,0
1242,ΚΩΝΣΤΑΝΤΙΝΟ,1
1243,ΚΩΝΣΤΑΝΤΙΝΟ,1
1258,ΚΩΝΣΤΑΝΤΙΝΟΣ,1
1257,ΚΩΝΣΤΑΝΤΙΝΟΣ,1
1256,ΚΩΝΣΤΑΝΤΙΝΟΣ,1
1255,ΚΩΝΣΤΑΝΤΙΝΟΣ,1
1254,ΚΩΝΣΤΑΝΤΙΝΟΣ,1
1253,ΚΩΝΣΤΑΝΤΙΝΟΣ,1
1249,ΚΩΝΣΤΑΝΤΙΝΟΣ,1
1251,ΚΩΝΣΤΑΝΤΙΝΟΣ,1
1250,ΚΩΝΣΤΑΝΤΙΝΟΣ,1
1248,ΚΩΝΣΤΑΝΤΙΝΟΣ,1
1247,ΚΩΝΣΤΑΝΤΙΝΟΣ,1
1246,ΚΩΝΣΤΑΝΤΙΝΟΣ,1
1244,ΚΩΝΣΤΑΝΤΙΝΟΣ,1
1252,ΚΩΝΣΤΑΝΤΙΝΟΣ,1
1260,ΚΩΝΣΤΑΝΤΙΝΟΣ,1
1259,ΚΩΝΣΤΑΝΤΙΝΟΣ,1
1262,ΚΩΝΣΤΑΝΤΙΝΟΣ,1
1245,ΚΩΝΣΤΑΝΤΙΝΟΣ,0
1278,ΚΩΝΣΤΑΝΤΙΝΟΣ,1
1277,ΚΩΝΣΤΑΝΤΙΝΟΣ,1
1276,ΚΩΝΣΤΑΝΤΙΝΟΣ,1
1261,ΚΩΝΣΤΑΝΤΙΝΟΣ,1
1274,ΚΩΝΣΤΑΝΤΙΝΟΣ,1
1273,ΚΩΝΣΤΑΝΤΙΝΟΣ,1
1272,ΚΩΝΣΤΑΝΤΙΝΟΣ,1
1275,ΚΩΝΣΤΑΝΤΙΝΟΣ,1
1269,ΚΩΝΣΤΑΝΤΙΝΟΣ,1
1268,ΚΩΝΣΤΑΝΤΙΝΟΣ,1
1267,ΚΩΝΣΤΑΝΤΙΝΟΣ,1
1266,ΚΩΝΣΤΑΝΤΙΝΟΣ,1
1265,ΚΩΝΣΤΑΝΤΙΝΟΣ,1
1264,ΚΩΝΣΤΑΝΤΙΝΟΣ,1
1263,ΚΩΝΣΤΑΝΤΙΝΟΣ,1
1271,ΚΩΝΣΤΑΝΤΙΝΟΣ,1
1270,ΚΩΝΣΤΑΝΤΙΝΟΣ,1
1279,ΚΩΣΤΑΣ,1
1281,ΛΑΖΑΡΟΣ,1
1280,ΛΑΖΑΡΟΣ,0
1282,ΛΑΜΠΡΙΝΗ,0
1283,ΛΑΜΠΡΙΝΗ,0
1284,ΛΑΜΠΡΟΣ,1
1285,ΛΑΟΥΡΑ,0
1286,ΛΑΡΙΣΑ,0
1288,ΛΕΑΝΔΡΟΣ,1
1287,ΛΕΑΝΔΡΟΣ,0
1289,ΛΕΜΟΝΙΑ,0
1290,ΛΕΝΑ,0
1291,ΛΕΥΚΗ,0
1292,ΛΕΥΚΟΘΕΑ,0
1293,ΛΕΩΝΙΔΑΣ,1
1294,ΛΙΛΙ,0
1295,ΛΙΛΙΑ,0
1297,ΛΙΛΙΑΝΑ,0
1296,ΛΙΛΙΑΝΑ,0
1298,ΛΙΟΥΜΠΟΒ,0
1299,ΛΙΡΙΚΑ,0
1300,ΛΟΥΙΖΑ,0
1301,ΛΟΥΙΣ,1
1302,ΛΟΥΙΤΖΙ,0
1305,ΛΟΥΚΑΣ,0
1304,ΛΟΥΚΑΣ,1
1303,ΛΟΥΚΑΣ,1
1306,ΛΟΥΚΙΑ,0
1307,ΛΟΥΚΙΑ,0
1308,ΛΟΥΛΕΖΙΜ,0
1309,ΛΟΥΛΟΥΔΑ,0
1310,ΛΟΥΣΙΑ,0
1311,ΛΟΥΣΙΝΕ,0
1312,ΛΥΓΕΡΗ,0
1313,ΛΥΔΙΑ,0
1315,ΛΥΔΙΑ,0
1314,ΛΥΔΙΑ,0
1316,ΛΥΔΙΑ,0
1317,ΛΥΔΙΑ,0
1318,ΜΑΓΔΑ,0
1319,ΜΑΓΔΑΛΕΝΑ,0
1320,ΜΑΓΔΑΛΗΝΗ,0
1321,ΜΑΓΔΑΛΗΝΗ,0
1322,ΜΑΓΔΑΛΗΝΗ,0
1323,ΜΑΓΔΑΛΗΝΗ,0
1324,ΜΑΓΔΑΛΗΝΗ,0
1325,ΜΑΓΔΑΛΗΝΗ,0
1326,ΜΑΓΔΑΛΗΝΗ,0
1327,ΜΑΓΔΑΛΙΝΗ,0
1328,ΜΑΓΚΝΤΑΛΕΝΑ,0
1330,ΜΑΙΡΗ,0
1331,ΜΑΙΡΗ,0
1329,ΜΑΙΡΗ,0
1332,ΜΑΚΑΡΙΟΣ,1
1333,ΜΑΚΡΙΝΑ,0
1334,ΜΑΚΡΙΝΑ,0
1335,ΜΑΛΑΜΑΣ,1
1336,ΜΑΛΑΜΑΤΕΝΙΑ,0
1338,ΜΑΛΑΜΑΤΗ,0
1339,ΜΑΛΑΜΑΤΗ,0
1337,ΜΑΛΑΜΑΤΗ,0
1340,ΜΑΛΒΙΝΑ,0
1341,ΜΑΛΙΝΤΑ,0
1342,ΜΑΡΓΑΡΙΤ,0
1347,ΜΑΡΓΑΡΙΤΑ,0
1346,ΜΑΡΓΑΡΙΤΑ,0
1344,ΜΑΡΓΑΡΙΤΑ,0
1343,ΜΑΡΓΑΡΙΤΑ,0
1345,ΜΑΡΓΑΡΙΤΑ,0
1348,ΜΑΡΓΑΡΙΤΗΣ,1
1350,ΜΑΡΘΑ,0
1349,ΜΑΡΘΑ,0
1352,ΜΑΡΙ,0
1351,ΜΑΡΙ,0
1472,ΜΑΡΙΑ,0
1473,ΜΑΡΙΑ,0
1474,ΜΑΡΙΑ,0
1475,ΜΑΡΙΑ,0
1476,ΜΑΡΙΑ,0
1477,ΜΑΡΙΑ,0
1413,ΜΑΡΙΑ,0
1471,ΜΑΡΙΑ,0
1470,ΜΑΡΙΑ,0
1469,ΜΑΡΙΑ,0
1468,ΜΑΡΙΑ,0
1467,ΜΑΡΙΑ,0
1466,ΜΑΡΙΑ,0
1478,ΜΑΡΙΑ,0
1479,ΜΑΡΙΑ,0
1421,ΜΑΡΙΑ,0
1426,ΜΑΡΙΑ,0
1425,ΜΑΡΙΑ,0
1424,ΜΑΡΙΑ,0
1423,ΜΑΡΙΑ,0
1422,ΜΑΡΙΑ,0
1419,ΜΑΡΙΑ,0
1420,ΜΑΡΙΑ,0
1418,ΜΑΡΙΑ,0
1465,ΜΑΡΙΑ,0
1417,ΜΑΡΙΑ,0
1416,ΜΑΡΙΑ,0
1415,ΜΑΡΙΑ,0
1414,ΜΑΡΙΑ,0
1480,ΜΑΡΙΑ,0
1464,ΜΑΡΙΑ,0
1353,ΜΑΡΙΑ,0
1461,ΜΑΡΙΑ,0
1429,ΜΑΡΙΑ,0
1430,ΜΑΡΙΑ,0
1431,ΜΑΡΙΑ,0
1432,ΜΑΡΙΑ,0
1433,ΜΑΡΙΑ,0
1434,ΜΑΡΙΑ,0
1412,ΜΑΡΙΑ,0
1435,ΜΑΡΙΑ,0
1436,ΜΑΡΙΑ,0
1437,ΜΑΡΙΑ,0
1438,ΜΑΡΙΑ,0
1439,ΜΑΡΙΑ,0
1440,ΜΑΡΙΑ,0
1441,ΜΑΡΙΑ,0
1462,ΜΑΡΙΑ,0
1443,ΜΑΡΙΑ,0
1446,ΜΑΡΙΑ,0
1447,ΜΑΡΙΑ,0
1448,ΜΑΡΙΑ,0
1450,ΜΑΡΙΑ,0
1451,ΜΑΡΙΑ,0
1452,ΜΑΡΙΑ,0
1453,ΜΑΡΙΑ,0
1454,ΜΑΡΙΑ,0
1455,ΜΑΡΙΑ,0
1456,ΜΑΡΙΑ,0
1457,ΜΑΡΙΑ,0
1458,ΜΑΡΙΑ,0
1459,ΜΑΡΙΑ,0
1460,ΜΑΡΙΑ,0
1445,ΜΑΡΙΑ,0
1411,ΜΑΡΙΑ,0
1427,ΜΑΡΙΑ,0
1409,ΜΑΡΙΑ,0
1370,ΜΑΡΙΑ,0
1371,ΜΑΡΙΑ,0
1372,ΜΑΡΙΑ,0
1373,ΜΑΡΙΑ,0
1374,ΜΑΡΙΑ,0
1375,ΜΑΡΙΑ,0
1376,ΜΑΡΙΑ,0
1377,ΜΑΡΙΑ,0
1378,ΜΑΡΙΑ,0
1379,ΜΑΡΙΑ,0
1380,ΜΑΡΙΑ,0
1381,ΜΑΡΙΑ,0
1382,ΜΑΡΙΑ,0
1383,ΜΑΡΙΑ,0
1384,ΜΑΡΙΑ,0
1385,ΜΑΡΙΑ,0
1386,ΜΑΡΙΑ,0
1369,ΜΑΡΙΑ,0
1387,ΜΑΡΙΑ,0
1368,ΜΑΡΙΑ,0
1366,ΜΑΡΙΑ,0
1463,ΜΑΡΙΑ,1
1449,ΜΑΡΙΑ,1
1444,ΜΑΡΙΑ,1
1442,ΜΑΡΙΑ,1
1428,ΜΑΡΙΑ,0
1354,ΜΑΡΙΑ,0
1355,ΜΑΡΙΑ,0
1356,ΜΑΡΙΑ,0
1357,ΜΑΡΙΑ,0
1358,ΜΑΡΙΑ,0
1359,ΜΑΡΙΑ,0
1360,ΜΑΡΙΑ,0
1361,ΜΑΡΙΑ,0
1362,ΜΑΡΙΑ,0
1363,ΜΑΡΙΑ,0
1364,ΜΑΡΙΑ,0
1365,ΜΑΡΙΑ,0
1367,ΜΑΡΙΑ,0
1410,ΜΑΡΙΑ,0
1388,ΜΑΡΙΑ,0
1390,ΜΑΡΙΑ,0
1400,ΜΑΡΙΑ,0
1399,ΜΑΡΙΑ,0
1398,ΜΑΡΙΑ,0
1397,ΜΑΡΙΑ,0
1396,ΜΑΡΙΑ,0
1403,ΜΑΡΙΑ,0
1404,ΜΑΡΙΑ,0
1405,ΜΑΡΙΑ,0
1406,ΜΑΡΙΑ,0
1407,ΜΑΡΙΑ,0
1389,ΜΑΡΙΑ,0
1408,ΜΑΡΙΑ,0
1395,ΜΑΡΙΑ,0
1401,ΜΑΡΙΑ,0
1402,ΜΑΡΙΑ,0
1391,ΜΑΡΙΑ,0
1392,ΜΑΡΙΑ,0
1394,ΜΑΡΙΑ,0
1393,ΜΑΡΙΑ,0
1481,ΜΑΡΙΑΕΛΕΝΗ,0
1483,ΜΑΡΙΑΜ,0
1482,ΜΑΡΙΑΜ,0
1484,ΜΑΡΙΑΝ,1
1485,ΜΑΡΙΑΝΑ,0
1487,ΜΑΡΙΑΝΑ,0
1486,ΜΑΡΙΑΝΑ,0
1490,ΜΑΡΙΑΝΘΗ,0
1489,ΜΑΡΙΑΝΘΗ,0
1488,ΜΑΡΙΑΝΘΗ,0
1491,ΜΑΡΙΑΝΝΑ,0
1492,ΜΑΡΙΓΟΥΛΑ,0
1493,ΜΑΡΙΕΤΤΑ,0
1494,ΜΑΡΙΚΑ,0
1495,ΜΑΡΙΛΥΝ,0
1501,ΜΑΡΙΝΑ,0
1500,ΜΑΡΙΝΑ,0
1499,ΜΑΡΙΝΑ,0
1497,ΜΑΡΙΝΑ,0
1496,ΜΑΡΙΝΑ,0
1498,ΜΑΡΙΝΑ,0
1502,ΜΑΡΙΝΕ,0
1504,ΜΑΡΙΝΟΣ,1
1503,ΜΑΡΙΝΟΣ,0
1512,ΜΑΡΙΟΣ,1
1516,ΜΑΡΙΟΣ,1
1523,ΜΑΡΙΟΣ,1
1522,ΜΑΡΙΟΣ,1
1521,ΜΑΡΙΟΣ,1
1520,ΜΑΡΙΟΣ,1
1519,ΜΑΡΙΟΣ,1
1518,ΜΑΡΙΟΣ,1
1517,ΜΑΡΙΟΣ,1
1515,ΜΑΡΙΟΣ,1
1513,ΜΑΡΙΟΣ,1
1505,ΜΑΡΙΟΣ,1
1506,ΜΑΡΙΟΣ,1
1507,ΜΑΡΙΟΣ,1
1508,ΜΑΡΙΟΣ,1
1509,ΜΑΡΙΟΣ,1
1510,ΜΑΡΙΟΣ,1
1511,ΜΑΡΙΟΣ,1
1514,ΜΑΡΙΟΣ,1
1524,ΜΑΡΙΟΥΣ,1
1525,ΜΑΡΚ,1
1527,ΜΑΡΚΕΛΛΑ,0
1526,ΜΑΡΚΕΛΛΑ,0
1528,ΜΑΡΚΟΣ,1
1529,ΜΑΡΚΟΣ,1
1530,ΜΑΡΚΟΣ,1
1531,ΜΑΡΟΥΔΑ,0
1532,ΜΑΡΟΥΛΑ,0
1533,ΜΑΡΣΕΛΑ,0
1534,ΜΑΡΤΙΝ,1
1535,ΜΑΡΤΙΝΑ,0
1536,ΜΑΡΩ,0
1537,ΜΑΤΕΝΙΑ,0
1538,ΜΑΤΙΝΑ,0
1540,ΜΕΛΑΧΡΟΙΝΗ,0
1539,ΜΕΛΑΧΡΟΙΝΗ,0
1541,ΜΕΛΙΝΑ,0
1542,ΜΕΛΙΝΑ,0
1544,ΜΕΛΙΝΑ,0
1543,ΜΕΛΙΝΑ,0
1545,ΜΕΛΠΟΜΕΝΗ,0
1546,ΜΕΝΕΛΑΟΣ,1
1547,ΜΗΔΕΙΑ,0
1550,ΜΗΝΑΣ,1
1549,ΜΗΝΑΣ,1
1548,ΜΗΝΑΣ,1
1551,ΜΙΚΑΕΛ,1
1552,ΜΙΛΤΙΑΔΗΣ,1
1553,ΜΙΛΤΟΣ,0
1554,ΜΙΜΗΣ,1
1555,ΜΙΡΕΛΑ,0
1556,ΜΙΧΑΕΛΑ,0
1557,ΜΙΧΑΕΛΑ,0
1558,ΜΙΧΑΕΛΑ,0
1559,ΜΙΧΑΕΛΑ,0
1560,ΜΙΧΑΕΛΑ,0
1562,ΜΙΧΑΗΛ,1
1561,ΜΙΧΑΗΛ,1
1575,ΜΙΧΑΗΛ,1
1563,ΜΙΧΑΗΛ,1
1573,ΜΙΧΑΗΛ,1
1572,ΜΙΧΑΗΛ,1
1571,ΜΙΧΑΗΛ,1
1574,ΜΙΧΑΗΛ,1
1568,ΜΙΧΑΗΛ,1
1567,ΜΙΧΑΗΛ,1
1566,ΜΙΧΑΗΛ,1
1565,ΜΙΧΑΗΛ,1
1564,ΜΙΧΑΗΛ,1
1569,ΜΙΧΑΗΛ,1
1570,ΜΙΧΑΗΛ,0
1576,ΜΙΧΑΙ,1
1577,ΜΟΔΕΣΤΟΣ,1
1579,ΜΟΝΙΚΑ,0
1578,ΜΟΝΙΚΑ,0
1580,ΜΟΣΧΟΣ,1
1581,ΜΟΥΣΑ,0
1582,ΜΟΧΑΜΕΝΤ,1
1583,ΜΟΧΑΜΕΝΤ,1
1584,ΜΠΑΙΡΑΜΑΛΗ,1
1585,ΜΥΡΟΦΟΡΑ,0
1586,ΜΥΡΟΦΟΡΑ,0
1587,ΜΥΡΣΙΝΗ,0
1588,ΜΥΡΣΙΝΗ,0
1589,ΜΥΡΣΙΝΗ,0
1592,ΜΥΡΤΩ,0
1591,ΜΥΡΤΩ,0
1593,ΜΥΡΤΩ,0
1590,ΜΥΡΤΩ,0
1594,ΜΥΡΤΩ,0
1595,ΝΑ,0
1596,ΝΑΖΗ,0
1597,ΝΑΖΜΙΕ,0
1598,ΝΑΙΡΑ,0
1599,ΝΑΝΤΕΖΝΑ,0
1600,ΝΑΝΤΕΖΝΤΑ,0
1601,ΝΑΝΤΕΖΝΤΑ,0
1602,ΝΑΟΥΜΑ,0
1605,ΝΑΤΑΛΙΑ,0
1604,ΝΑΤΑΛΙΑ,0
1603,ΝΑΤΑΛΙΑ,0
1606,ΝΑΤΕΛΑ,0
1607,ΝΑΤΖΙΕ,0
1608,ΝΑΤΙΑ,0
1610,ΝΑΥΣΙΚΑ,0
1609,ΝΑΥΣΙΚΑ,0
1614,ΝΕΚΤΑΡΙΑ,0
1615,ΝΕΚΤΑΡΙΑ,0
1611,ΝΕΚΤΑΡΙΑ,0
1613,ΝΕΚΤΑΡΙΑ,0
1612,ΝΕΚΤΑΡΙΑ,0
1618,ΝΕΚΤΑΡΙΟΣ,1
1616,ΝΕΚΤΑΡΙΟΣ,1
1617,ΝΕΚΤΑΡΙΟΣ,1
1619,ΝΕΚΤΑΡΙΟΣ,1
1620,ΝΕΛΛΗ,0
1621,ΝΕΡΑΝΤΖΑ,0
1623,ΝΕΦΕΛΗ,0
1622,ΝΕΦΕΛΗ,0
1624,ΝΙΑ,0
1631,ΝΙΚΗ,0
1630,ΝΙΚΗ,0
1628,ΝΙΚΗ,0
1627,ΝΙΚΗ,0
1626,ΝΙΚΗ,0
1629,ΝΙΚΗ,1
1625,ΝΙΚΗ,0
1633,ΝΙΚΗΤΑΣ,1
1632,ΝΙΚΗΤΑΣ,1
1644,ΝΙΚΟΛΑΟΣ,1
1635,ΝΙΚΟΛΑΟΣ,1
1654,ΝΙΚΟΛΑΟΣ,0
1660,ΝΙΚΟΛΑΟΣ,0
1661,ΝΙΚΟΛΑΟΣ,1
1659,ΝΙΚΟΛΑΟΣ,1
1658,ΝΙΚΟΛΑΟΣ,1
1657,ΝΙΚΟΛΑΟΣ,1
1655,ΝΙΚΟΛΑΟΣ,1
1653,ΝΙΚΟΛΑΟΣ,1
1652,ΝΙΚΟΛΑΟΣ,1
1634,ΝΙΚΟΛΑΟΣ,1
1650,ΝΙΚΟΛΑΟΣ,1
1649,ΝΙΚΟΛΑΟΣ,1
1651,ΝΙΚΟΛΑΟΣ,1
1647,ΝΙΚΟΛΑΟΣ,1
1636,ΝΙΚΟΛΑΟΣ,1
1637,ΝΙΚΟΛΑΟΣ,1
1648,ΝΙΚΟΛΑΟΣ,1
1639,ΝΙΚΟΛΑΟΣ,1
1640,ΝΙΚΟΛΑΟΣ,1
1638,ΝΙΚΟΛΑΟΣ,1
1642,ΝΙΚΟΛΑΟΣ,1
1643,ΝΙΚΟΛΑΟΣ,1
1645,ΝΙΚΟΛΑΟΣ,1
1646,ΝΙΚΟΛΑΟΣ,1
1641,ΝΙΚΟΛΑΟΣ,1
1656,ΝΙΚΟΛΑΟΣ,1
1662,ΝΙΚΟΛΑΣ,1
1666,ΝΙΚΟΛΕΤΑ,0
1665,ΝΙΚΟΛΕΤΑ,0
1664,ΝΙΚΟΛΕΤΑ,0
1663,ΝΙΚΟΛΕΤΑ,0
1669,ΝΙΚΟΛΕΤΤΑ,0
1667,ΝΙΚΟΛΕΤΤΑ,0
1668,ΝΙΚΟΛΕΤΤΑ,0
1670,ΝΙΚΟΛΙΝΑ,0
1671,ΝΙΚΟΛΙΤΣΑ,0
1672,ΝΙΚΟΣ,1
1673,ΝΙΝΕΛΙ,0
1674,ΝΙΝΟ,0
1675,ΝΟΡΜΑ,0
1676,ΝΟΥΓΚΖΑΡ,0
1677,ΝΤΑΛΙ,0
1678,ΝΤΑΝΙΕΛ,1
1680,ΝΤΑΝΙΕΛ,0
1679,ΝΤΑΝΙΕΛ,1
1681,ΝΤΑΝΙΕΛΑ,0
1682,ΝΤΑΝΟΥΤΑ,0
1683,ΝΤΑΡΙΚΟ,0
1684,ΝΤΕΝΙΣ,0
1685,ΝΤΙΑΝΑ,0
1687,ΝΤΙΑΝΑ,0
1686,ΝΤΙΑΝΑ,0
1688,ΝΤΙΝΑ,0
1689,ΞΑΝΘΙΠΗ,0
1691,ΞΑΝΘΙΠΠΗ,0
1690,ΞΑΝΘΙΠΠΗ,0
1692,ΞΑΝΘΟΥΛΑ,0
1694,ΞΕΝΙΑ,0
1693,ΞΕΝΙΑ,0
1695,ΞΕΝΟΦΩΝ,1
1697,ΟΔΥΣΣΕΑΣ,1
1696,ΟΔΥΣΣΕΑΣ,1
1703,ΟΛΓΑ,0
1702,ΟΛΓΑ,0
1701,ΟΛΓΑ,0
1700,ΟΛΓΑ,0
1699,ΟΛΓΑ,0
1698,ΟΛΓΑ,0
1704,ΟΛΥΜΠΙΑ,0
1705,ΟΛΥΜΠΙΑ,0
1707,ΟΛΥΜΠΙΑ,0
1706,ΟΛΥΜΠΙΑ,0
1708,ΟΞΑΝΑ,0
1709,ΟΡΦΕΑΣ,1
1710,ΟΥΛΒΙΕ,0
1711,ΟΥΡΑΝΙΑ,0
1712,ΟΥΡΑΝΙΑ,0
1713,ΠΑΓΩΝΑ,0
1714,ΠΑΓΩΝΑ,0
1715,ΠΑΓΩΝΑ,0
1716,ΠΑΓΩΝΑ,0
1717,ΠΑΙΣΙΟΣ,1
1718,ΠΑΝΑΓΙΩ,0
1719,ΠΑΝΑΓΙΩΤ,0
1725,ΠΑΝΑΓΙΩΤΑ,0
1727,ΠΑΝΑΓΙΩΤΑ,0
1726,ΠΑΝΑΓΙΩΤΑ,0
1720,ΠΑΝΑΓΙΩΤΑ,0
1721,ΠΑΝΑΓΙΩΤΑ,0
1722,ΠΑΝΑΓΙΩΤΑ,0
1723,ΠΑΝΑΓΙΩΤΑ,0
1724,ΠΑΝΑΓΙΩΤΑ,0
1729,ΠΑΝΑΓΙΩΤΑ,0
1728,ΠΑΝΑΓΙΩΤΑ,0
1730,ΠΑΝΑΓΙΩΤΗ,1
1731,ΠΑΝΑΓΙΩΤΗ,1
1753,ΠΑΝΑΓΙΩΤΗΣ,1
1752,ΠΑΝΑΓΙΩΤΗΣ,1
1735,ΠΑΝΑΓΙΩΤΗΣ,1
1738,ΠΑΝΑΓΙΩΤΗΣ,1
1737,ΠΑΝΑΓΙΩΤΗΣ,1
1736,ΠΑΝΑΓΙΩΤΗΣ,1
1747,ΠΑΝΑΓΙΩΤΗΣ,0
1734,ΠΑΝΑΓΙΩΤΗΣ,1
1733,ΠΑΝΑΓΙΩΤΗΣ,1
1732,ΠΑΝΑΓΙΩΤΗΣ,1
1739,ΠΑΝΑΓΙΩΤΗΣ,1
1741,ΠΑΝΑΓΙΩΤΗΣ,1
1740,ΠΑΝΑΓΙΩΤΗΣ,1
1743,ΠΑΝΑΓΙΩΤΗΣ,1
1744,ΠΑΝΑΓΙΩΤΗΣ,1
1745,ΠΑΝΑΓΙΩΤΗΣ,1
1746,ΠΑΝΑΓΙΩΤΗΣ,1
1748,ΠΑΝΑΓΙΩΤΗΣ,1
1749,ΠΑΝΑΓΙΩΤΗΣ,1
1750,ΠΑΝΑΓΙΩΤΗΣ,1
1751,ΠΑΝΑΓΙΩΤΗΣ,1
1742,ΠΑΝΑΓΙΩΤΗΣ,1
1754,ΠΑΝΤΕΛΕΗΜΩ,1
1755,ΠΑΝΤΕΛΗΣ,1
1756,ΠΑΝΤΕΛΗΣ,1
1757,ΠΑΝΩΡΑΙΑ,0
1758,ΠΑΝΩΡΑΙΑ,0
1759,ΠΑΟΥΛΙΝΑ,0
1760,ΠΑΡ,0
1761,ΠΑΡΑΣΚΕΥ,0
1762,ΠΑΡΑΣΚΕΥΑ,0
1764,ΠΑΡΑΣΚΕΥΑΣ,1
1765,ΠΑΡΑΣΚΕΥΑΣ,1
1766,ΠΑΡΑΣΚΕΥΑΣ,1
1768,ΠΑΡΑΣΚΕΥΑΣ,1
1767,ΠΑΡΑΣΚΕΥΑΣ,0
1763,ΠΑΡΑΣΚΕΥΑΣ,1
1770,ΠΑΡΑΣΚΕΥΗ,0
1776,ΠΑΡΑΣΚΕΥΗ,0
1775,ΠΑΡΑΣΚΕΥΗ,0
1774,ΠΑΡΑΣΚΕΥΗ,0
1773,ΠΑΡΑΣΚΕΥΗ,0
1769,ΠΑΡΑΣΚΕΥΗ,0
1772,ΠΑΡΑΣΚΕΥΗ,0
1771,ΠΑΡΑΣΚΕΥΗ,0
1777,ΠΑΡΑΣΚΕΥΟΥΛΑ,0
1778,ΠΑΡΑΣΧΟΣ,0
1780,ΠΑΡΘΕΝΑ,0
1779,ΠΑΡΘΕΝΑ,0
1781,ΠΑΡΘΕΝΑ,0
1782,ΠΑΡΘΕΝΑ,0
1783,ΠΑΡΙΣ,1
1784,ΠΑΣΧΑΛΗΣ,1
1785,ΠΑΣΧΑΛΙΑ,0
1786,ΠΑΣΧΑΛΙΝΑ,0
1787,ΠΑΥΛΙΝΑ,0
1788,ΠΑΥΛΟΣ,1
1789,ΠΑΥΛΟΣ,1
1791,ΠΑΥΛΟΣ,1
1792,ΠΑΥΛΟΣ,1
1793,ΠΑΥΛΟΣ,1
1794,ΠΑΥΛΟΣ,1
1795,ΠΑΥΛΟΣ,1
1796,ΠΑΥΛΟΣ,1
1790,ΠΑΥΛΟΣ,0
1798,ΠΕΛΑΓΙΑ,0
1799,ΠΕΛΑΓΙΑ,0
1797,ΠΕΛΑΓΙΑ,0
1800,ΠΕΡΙΚΛΗΣ,1
1801,ΠΕΡΙΚΛΗΣ,1
1802,ΠΕΡΙΚΛΗΣ,1
1803,ΠΕΡΙΚΛΗΣ,1
1804,ΠΕΡΙΣΤΕΡΑ,0
1805,ΠΕΡΜΙΝ,0
1806,ΠΕΡΣΕΦΩΝΗ,0
1807,ΠΕΤΕΡ,1
1809,ΠΕΤΡΙΝΑ,0
1808,ΠΕΤΡΙΝΑ,0
1810,ΠΕΤΡΟΣ,0
1812,ΠΕΤΡΟΣ,1
1814,ΠΕΤΡΟΣ,1
1813,ΠΕΤΡΟΣ,1
1811,ΠΕΤΡΟΣ,1
1816,ΠΕΤΡΟΥ,1
1815,ΠΕΤΡΟΥ,1
1818,ΠΕΤΡΟΥΛΑ,0
1817,ΠΕΤΡΟΥΛΑ,0
1821,ΠΗΝΕΛΟΠΗ,0
1820,ΠΗΝΕΛΟΠΗ,0
1819,ΠΗΝΕΛΟΠΗ,0
1823,ΠΗΝΕΛΟΠΗ,0
1822,ΠΗΝΕΛΟΠΗ,1
1824,ΠΟΛΥΔΩΡΟΣ,1
1826,ΠΟΛΥΚΑΡΠΟΣ,1
1825,ΠΟΛΥΚΑΡΠΟΣ,1
1827,ΠΟΛΥΞΕΝΗ,0
1828,ΠΟΛΥΞΕΝΗ,0
1829,ΠΟΛΥΧΡΟΝΗΣ,1
1830,ΠΟΛΥΧΡΟΝΙΑ,0
1831,ΠΟΥΛΧΕΡΙΑ,0
1835,ΠΡΟΔΡΟΜΟΣ,1
1833,ΠΡΟΔΡΟΜΟΣ,1
1832,ΠΡΟΔΡΟΜΟΣ,0
1834,ΠΡΟΔΡΟΜΟΣ,1
1836,ΠΥΘΑΓΟΡΑΣ,1
1837,ΠΩΛΙΝΑ,0
1838,ΡΑΙΦ,1
1839,ΡΑΛΙΩ,0
1847,ΡΑΦΑΕΛΑ,0
1841,ΡΑΦΑΕΛΑ,0
1842,ΡΑΦΑΕΛΑ,0
1843,ΡΑΦΑΕΛΑ,0
1844,ΡΑΦΑΕΛΑ,0
1845,ΡΑΦΑΕΛΑ,0
1846,ΡΑΦΑΕΛΑ,0
1848,ΡΑΦΑΕΛΑ,0
1840,ΡΑΦΑΕΛΑ,0
1849,ΡΑΦΑΕΛΛΑ,0
1857,ΡΑΦΑΗΛ,0
1874,ΡΑΦΑΗΛ,1
1876,ΡΑΦΑΗΛ,1
1871,ΡΑΦΑΗΛ,1
1872,ΡΑΦΑΗΛ,1
1875,ΡΑΦΑΗΛ,1
1850,ΡΑΦΑΗΛ,1
1851,ΡΑΦΑΗΛ,1
1852,ΡΑΦΑΗΛ,1
1853,ΡΑΦΑΗΛ,1
1854,ΡΑΦΑΗΛ,1
1873,ΡΑΦΑΗΛ,1
1856,ΡΑΦΑΗΛ,1
1858,ΡΑΦΑΗΛ,1
1859,ΡΑΦΑΗΛ,1
1860,ΡΑΦΑΗΛ,1
1855,ΡΑΦΑΗΛ,1
1862,ΡΑΦΑΗΛ,1
1863,ΡΑΦΑΗΛ,1
1864,ΡΑΦΑΗΛ,1
1865,ΡΑΦΑΗΛ,1
1866,ΡΑΦΑΗΛ,1
1867,ΡΑΦΑΗΛ,1
1868,ΡΑΦΑΗΛ,1
1869,ΡΑΦΑΗΛ,1
1870,ΡΑΦΑΗΛ,1
1861,ΡΑΦΑΗΛ,1
1886,ΡΑΦΑΗΛΙΑ,0
1885,ΡΑΦΑΗΛΙΑ,0
1884,ΡΑΦΑΗΛΙΑ,0
1887,ΡΑΦΑΗΛΙΑ,0
1878,ΡΑΦΑΗΛΙΑ,0
1881,ΡΑΦΑΗΛΙΑ,0
1880,ΡΑΦΑΗΛΙΑ,0
1879,ΡΑΦΑΗΛΙΑ,0
1877,ΡΑΦΑΗΛΙΑ,0
1882,ΡΑΦΑΗΛΙΑ,0
1888,ΡΑΦΑΗΛΙΑ,0
1883,ΡΑΦΑΗΛΙΑ,0
1889,ΡΑΧΗΛ,0
1890,ΡΕΑ,0
1891,ΡΕΒΒΕΚΑ,0
1892,ΡΕΒΕΚΚΑ,0
1893,ΡΕΒΕΚΚΑ,0
1894,ΡΕΝΑΤΕ,0
1896,ΡΙΖΟΣ,1
1895,ΡΙΖΟΣ,1
1897,ΡΟΔΑΝΘΗ,0
1898,ΡΟΔΟΠΗ,0
1900,ΡΟΖΑ,1
1899,ΡΟΖΑ,0
1901,ΡΟΖΑ,0
1902,ΡΟΖΑ,0
1903,ΡΟΖΙΝΑ,0
1904,ΡΟΜ,1
1906,ΡΟΜΠΕΡΤ,1
1905,ΡΟΜΠΕΡΤ,0
1908,ΡΩΞΑΝΗ,0
1907,ΡΩΞΑΝΗ,0
1910,ΣΑΒΒΑΣ,0
1909,ΣΑΒΒΑΣ,1
1911,ΣΑΒΒΑΤΩ,0
1912,ΣΑΡΑΝΤΩ,0
1913,ΣΑΡΡΑ,0
1914,ΣΑΣΑ,0
1916,ΣΕΒΑΣΤΗ,0
1917,ΣΕΒΑΣΤΗ,0
1918,ΣΕΒΑΣΤΗ,0
1919,ΣΕΒΑΣΤΗ,0
1915,ΣΕΒΑΣΤΗ,1
1920,ΣΕΒΑΣΤΙΑΝΟΣ,1
1921,ΣΕΛΗΝΗ,0
1922,ΣΕΡΑΦΕΙΜ,0
1923,ΣΕΡΓΙΟΣ,1
1924,ΣΗΜΕΛΑ,0
1925,ΣΙΔΕΡΗ,0
1926,ΣΙΔΙΚΑ,0
1927,ΣΙΜΕΛΑ,0
1928,ΣΙΜΕΛΑ,0
1929,ΣΙΜΟΝΑ,0
1930,ΣΙΜΟΝΑ,0
1931,ΣΙΜΩΝ,0
1932,ΣΚΑΡΛΑΤΟΣ,1
1935,ΣΜΑΡΑΓΔΑ,0
1934,ΣΜΑΡΑΓΔΑ,0
1933,ΣΜΑΡΑΓΔΑ,0
1937,ΣΜΑΡΩ,0
1938,ΣΜΑΡΩ,0
1936,ΣΜΑΡΩ,0
1939,ΣΜΑΡΩ,0
1940,ΣΟΝΙΑ,0
1941,ΣΟΝΙΑ,0
1942,ΣΟΝΙΑ,0
1943,ΣΟΡΙΝ,1
1944,ΣΟΡΙΝ,1
1945,ΣΟΥΖΑΝΑ,0
1946,ΣΟΥΖΑΝΑ,0
1947,ΣΟΥΛΤΑΝΑ,0
1952,ΣΟΥΛΤΑΝΑ,0
1948,ΣΟΥΛΤΑΝΑ,0
1949,ΣΟΥΛΤΑΝΑ,0
1950,ΣΟΥΛΤΑΝΑ,0
1951,ΣΟΥΛΤΑΝΑ,0
1953,ΣΟΥΛΤΑΝΑ,0
1954,ΣΟΥΜΕΛΑ,0
1955,ΣΟΥΜΕΛΑ,0
1956,ΣΟΥΣΑΝΑ,0
1962,ΣΟΦΙΑ,0
1957,ΣΟΦΙΑ,0
1958,ΣΟΦΙΑ,0
1959,ΣΟΦΙΑ,0
1973,ΣΟΦΙΑ,1
1961,ΣΟΦΙΑ,0
1975,ΣΟΦΙΑ,0
1974,ΣΟΦΙΑ,0
1963,ΣΟΦΙΑ,0
1964,ΣΟΦΙΑ,0
1965,ΣΟΦΙΑ,0
1966,ΣΟΦΙΑ,0
1967,ΣΟΦΙΑ,0
1968,ΣΟΦΙΑ,0
1969,ΣΟΦΙΑ,0
1960,ΣΟΦΙΑ,0
1972,ΣΟΦΙΑ,0
1971,ΣΟΦΙΑ,0
1970,ΣΟΦΙΑ,0
1977,ΣΟΦΟΚΛΗΣ,1
1976,ΣΟΦΟΚΛΗΣ,1
1978,ΣΠΥΡΙΔΟΥΛΑ,0
1979,ΣΠΥΡΙΔΟΥΛΑ,0
1981,ΣΠΥΡΙΔΩΝ,0
1982,ΣΠΥΡΙΔΩΝ,1
1983,ΣΠΥΡΙΔΩΝ,1
1980,ΣΠΥΡΙΔΩΝ,1
1984,ΣΠΥΡΙΔΩΝ,1
1985,ΣΠΥΡΟΣ,1
1988,ΣΤΑΜΑΤΙΑ,0
1987,ΣΤΑΜΑΤΙΑ,0
1986,ΣΤΑΜΑΤΙΑ,0
1991,ΣΤΑΜΑΤΙΟΣ,1
1990,ΣΤΑΜΑΤΙΟΣ,1
1989,ΣΤΑΜΑΤΙΟΣ,1
1992,ΣΤΑΥΡΙΑΝΗ,0
1993,ΣΤΑΥΡΟ,1
1994,ΣΤΑΥΡΟΣ,1
1995,ΣΤΑΥΡΟΣ,1
1998,ΣΤΑΥΡΟΣ,1
1996,ΣΤΑΥΡΟΣ,1
1999,ΣΤΑΥΡΟΣ,1
1997,ΣΤΑΥΡΟΣ,0
2005,ΣΤΑΥΡΟΥΛΑ,0
2000,ΣΤΑΥΡΟΥΛΑ,0
2001,ΣΤΑΥΡΟΥΛΑ,0
2002,ΣΤΑΥΡΟΥΛΑ,0
2004,ΣΤΑΥΡΟΥΛΑ,0
2012,ΣΤΑΥΡΟΥΛΑ,0
2011,ΣΤΑΥΡΟΥΛΑ,0
2010,ΣΤΑΥΡΟΥΛΑ,0
2009,ΣΤΑΥΡΟΥΛΑ,0
2008,ΣΤΑΥΡΟΥΛΑ,0
2007,ΣΤΑΥΡΟΥΛΑ,0
2006,ΣΤΑΥΡΟΥΛΑ,0
2003,ΣΤΑΥΡΟΥΛΑ,0
2013,ΣΤΕΛΛΑ,0
2014,ΣΤΕΛΛΑ,0
2016,ΣΤΕΛΛΑ,0
2017,ΣΤΕΛΛΑ,0
2018,ΣΤΕΛΛΑ,0
2019,ΣΤΕΛΛΑ,0
2020,ΣΤΕΛΛΑ,0
2015,ΣΤΕΛΛΑ,0
2022,ΣΤΕΡΓΙΑΝΗ,0
2021,ΣΤΕΡΓΙΑΝΗ,0
2023,ΣΤΕΡΓΙΑΝΗ,0
2026,ΣΤΕΡΓΙΟΣ,0
2024,ΣΤΕΡΓΙΟΣ,1
2025,ΣΤΕΡΓΙΟΣ,1
2027,ΣΤΕΡΓΙΟΣ,1
2028,ΣΤΕΦΑΝ,1
2032,ΣΤΕΦΑΝΙΑ,0
2033,ΣΤΕΦΑΝΙΑ,0
2030,ΣΤΕΦΑΝΙΑ,0
2029,ΣΤΕΦΑΝΙΑ,0
2031,ΣΤΕΦΑΝΙΑ,0
2034,ΣΤΕΦΑΝΟΣ,1
2037,ΣΤΕΦΑΝΟΣ,1
2038,ΣΤΕΦΑΝΟΣ,1
2039,ΣΤΕΦΑΝΟΣ,1
2040,ΣΤΕΦΑΝΟΣ,1
2036,ΣΤΕΦΑΝΟΣ,0
2035,ΣΤΕΦΑΝΟΣ,1
2041,ΣΤΥΛΙΑΝ,1
2043,ΣΤΥΛΙΑΝΗ,0
2042,ΣΤΥΛΙΑΝΗ,0
2049,ΣΤΥΛΙΑΝΗ,0
2048,ΣΤΥΛΙΑΝΗ,0
2047,ΣΤΥΛΙΑΝΗ,0
2046,ΣΤΥΛΙΑΝΗ,0
2045,ΣΤΥΛΙΑΝΗ,0
2044,ΣΤΥΛΙΑΝΗ,0
2050,ΣΤΥΛΙΑΝΟΣ,1
2051,ΣΤΥΛΙΑΝΟΣ,1
2052,ΣΤΥΛΙΑΝΟΣ,1
2053,ΣΤΥΛΙΑΝΟΣ,1
2054,ΣΤΥΡΓΙΑΝΗ,0
2056,ΣΥΜΕΛΑ,0
2055,ΣΥΜΕΛΑ,0
2057,ΣΥΜΕΩΝ,1
2058,ΣΥΡΜΩ,0
2060,ΣΩΚΡΑΤΗΣ,1
2061,ΣΩΚΡΑΤΗΣ,1
2059,ΣΩΚΡΑΤΗΣ,1
2062,ΣΩΤΗΡΗΣ,1
2063,ΣΩΤΗΡΙΑ,0
2064,ΣΩΤΗΡΙΑ,0
2068,ΣΩΤΗΡΙΟΣ,0
2065,ΣΩΤΗΡΙΟΣ,1
2069,ΣΩΤΗΡΙΟΣ,1
2067,ΣΩΤΗΡΙΟΣ,1
2066,ΣΩΤΗΡΙΟΣ,1
2071,ΤΑΜΑΡΑ,0
2070,ΤΑΜΑΡΑ,0
2073,ΤΑΝΙΑ,0
2072,ΤΑΝΙΑ,0
2075,ΤΑΞΙΑΡΧΗΣ,1
2076,ΤΑΞΙΑΡΧΗΣ,1
2074,ΤΑΞΙΑΡΧΗΣ,1
2077,ΤΑΡΣΗ,0
2078,ΤΑΣΟΥΛΑ,0
2079,ΤΑΤΙΑΝΑ,0
2080,ΤΑΤΙΑΝΑ,0
2081,ΤΕΙΜΟΥΡΑΖ,0
2082,ΤΕΡΕΖΑ,0
2083,ΤΕΡΨΙΧΟΡΗ,0
2084,ΤΖΑΜΑΛ,1
2085,ΤΖΑΝΙ,0
2086,ΤΖΕΙΝΤΑ,0
2087,ΤΖΕΜΑΛΗ,0
2088,ΤΖΕΝΗ,0
2089,ΤΖΕΝΙΦΕΡ,0
2090,ΤΖΕΡΑΡΝΤ,1
2091,ΤΖΟΥΛΙΑ,0
2092,ΤΙΜΟΘΕΟΣ,1
2093,ΤΟΥΛΑ,0
2094,ΤΟΥΡΚΑΝ,0
2096,ΤΡΙΑΝΤΑΦΥΛΛΙΑ,0
2095,ΤΡΙΑΝΤΑΦΥΛΛΙΑ,0
2098,ΤΡΙΑΝΤΑΦΥΛΛΟΣ,1
2097,ΤΡΙΑΝΤΑΦΥΛΛΟΣ,1
2099,ΤΡΙΑΝΤΑΦΥΛΟΣ,0
2100,ΤΡΙΓΩΝΑ,0
2101,ΤΡΥΦΩΝ,0
2103,ΤΡΥΦΩΝΙΑ,0
2102,ΤΡΥΦΩΝΙΑ,0
2104,ΤΣΑΜΠΙΚΑ,0
2105,ΤΣΙΠΡΙΑΝ,1
2106,ΥΒΟΝΝΗ,0
2108,ΦΑΙΔΡΑ,0
2107,ΦΑΙΔΡΑ,0
2109,ΦΑΙΔΩΝ,1
2110,ΦΑΝΗ,0
2111,ΦΑΝΗ,0
2112,ΦΑΝΗ,0
2113,ΦΑΝΟΥΡΙΑ,0
2114,ΦΑΝΟΥΡΙΟΣ,1
2115,ΦΑΝΟΥΡΙΟΣ,1
2116,ΦΑΤΙΜΑ,0
2117,ΦΑΤΜΕ,0
2118,ΦΕΒΡΩΝΙΑ,0
2119,ΦΕΝΙΑ,0
2120,ΦΙΛΑΡΕΤΟΣ,1
2121,ΦΙΛΙΑ,0
2124,ΦΙΛΙΠΠΟΣ,1
2123,ΦΙΛΙΠΠΟΣ,1
2122,ΦΙΛΙΠΠΟΣ,1
2125,ΦΙΛΟΜΕΝΗ,0
2126,ΦΟΙΒΟΣ,1
2127,ΦΡΑΓΚΙΣΚΟΣ,1
2128,ΦΡΑΝ,1
2131,ΦΡΕΙΔΕΡΙΚΗ,0
2130,ΦΡΕΙΔΕΡΙΚΗ,0
2129,ΦΡΕΙΔΕΡΙΚΗ,0
2138,ΦΩΤΕΙΝΗ,0
2132,ΦΩΤΕΙΝΗ,0
2133,ΦΩΤΕΙΝΗ,0
2134,ΦΩΤΕΙΝΗ,0
2135,ΦΩΤΕΙΝΗ,0
2136,ΦΩΤΕΙΝΗ,0
2137,ΦΩΤΕΙΝΗ,0
2139,ΦΩΤΕΙΝΗ,0
2140,ΦΩΤΕΙΝΗ,0
2141,ΦΩΤΕΙΝΗ,0
2142,ΦΩΤΕΙΝΗ,0
2143,ΦΩΤΙΟΣ,1
2144,ΦΩΤΙΟΣ,1
2146,ΦΩΤΙΟΣ,1
2147,ΦΩΤΙΟΣ,1
2145,ΦΩΤΙΟΣ,1
2148,ΦΩΤΟ,0
2149,ΧΑΙΔΩ,0
2150,ΧΑΜΙΝΤ,1
2152,ΧΑΡΑ,0
2151,ΧΑΡΑ,0
2153,ΧΑΡΑΛΑΜΠΙΑ,0
2155,ΧΑΡΑΛΑΜΠΟ,1
2154,ΧΑΡΑΛΑΜΠΟ,1
2156,ΧΑΡΑΛΑΜΠΟΣ,1
2157,ΧΑΡΑΛΑΜΠΟΣ,1
2159,ΧΑΡΑΛΑΜΠΟΣ,1
2160,ΧΑΡΑΛΑΜΠΟΣ,1
2161,ΧΑΡΑΛΑΜΠΟΣ,1
2158,ΧΑΡΑΛΑΜΠΟΣ,0
2162,ΧΑΡΑΛΑΜΠΟΣ,1
2165,ΧΑΡΙΚΛΕΙΑ,0
2164,ΧΑΡΙΚΛΕΙΑ,0
2163,ΧΑΡΙΚΛΕΙΑ,0
2166,ΧΑΡΙΣΙΟΣ,1
2167,ΧΑΡΙΣΙΟΣ,1
2168,ΧΑΡΙΣΤΗ,0
2169,ΧΑΡΙΤΙΝΗ,0
2170,ΧΑΤΙΤΖΕ,0
2171,ΧΑΤΟΥΝΑ,0
2172,ΧΕΛΓΚΑ,0
2173,ΧΛΟΗ,0
2174,ΧΟΥΣΕΙΝ,1
2175,ΧΡΑΝΤ,1
2176,ΧΡΗΣΤΙΝΑ,0
2181,ΧΡΗΣΤΟΣ,1
2180,ΧΡΗΣΤΟΣ,1
2178,ΧΡΗΣΤΟΣ,1
2198,ΧΡΗΣΤΟΣ,1
2197,ΧΡΗΣΤΟΣ,1
2182,ΧΡΗΣΤΟΣ,1
2177,ΧΡΗΣΤΟΣ,0
2200,ΧΡΗΣΤΟΣ,1
2201,ΧΡΗΣΤΟΣ,1
2196,ΧΡΗΣΤΟΣ,1
2199,ΧΡΗΣΤΟΣ,1
2183,ΧΡΗΣΤΟΣ,1
2179,ΧΡΗΣΤΟΣ,1
2185,ΧΡΗΣΤΟΣ,1
2195,ΧΡΗΣΤΟΣ,1
2194,ΧΡΗΣΤΟΣ,1
2193,ΧΡΗΣΤΟΣ,1
2184,ΧΡΗΣΤΟΣ,1
2191,ΧΡΗΣΤΟΣ,1
2205,ΧΡΗΣΤΟΣ,1
2204,ΧΡΗΣΤΟΣ,1
2192,ΧΡΗΣΤΟΣ,1
2202,ΧΡΗΣΤΟΣ,1
2190,ΧΡΗΣΤΟΣ,1
2189,ΧΡΗΣΤΟΣ,1
2188,ΧΡΗΣΤΟΣ,1
2186,ΧΡΗΣΤΟΣ,1
2203,ΧΡΗΣΤΟΣ,1
2187,ΧΡΗΣΤΟΣ,1
2206,ΧΡΙΣΤΑΚΗ,0
2207,ΧΡΙΣΤΑΚΗΣ,1
2208,ΧΡΙΣΤΙΑΝΑ,0
2215,ΧΡΙΣΤΙΝΑ,0
2214,ΧΡΙΣΤΙΝΑ,0
2210,ΧΡΙΣΤΙΝΑ,0
2212,ΧΡΙΣΤΙΝΑ,0
2211,ΧΡΙΣΤΙΝΑ,0
2209,ΧΡΙΣΤΙΝΑ,0
2216,ΧΡΙΣΤΙΝΑ,0
2217,ΧΡΙΣΤΙΝΑ,0
2213,ΧΡΙΣΤΙΝΑ,0
2219,ΧΡΙΣΤΙΝΑ,0
2218,ΧΡΙΣΤΙΝΑ,0
2236,ΧΡΙΣΤΙΝΑ,0
2235,ΧΡΙΣΤΙΝΑ,0
2234,ΧΡΙΣΤΙΝΑ,0
2233,ΧΡΙΣΤΙΝΑ,0
2232,ΧΡΙΣΤΙΝΑ,0
2231,ΧΡΙΣΤΙΝΑ,0
2230,ΧΡΙΣΤΙΝΑ,0
2220,ΧΡΙΣΤΙΝΑ,0
2228,ΧΡΙΣΤΙΝΑ,0
2227,ΧΡΙΣΤΙΝΑ,0
2226,ΧΡΙΣΤΙΝΑ,0
2225,ΧΡΙΣΤΙΝΑ,0
2224,ΧΡΙΣΤΙΝΑ,0
2223,ΧΡΙΣΤΙΝΑ,0
2222,ΧΡΙΣΤΙΝΑ,0
2221,ΧΡΙΣΤΙΝΑ,0
2229,ΧΡΙΣΤΙΝΑ,0
2237,ΧΡΙΣΤΟΔΟΥΛΟΣ,1
2238,ΧΡΙΣΤΟΦΟ,1
2239,ΧΡΙΣΤΟΦΟΡΟ,0
2240,ΧΡΙΣΤΟΦΟΡΟΣ,0
2243,ΧΡΙΣΤΟΦΟΡΟΣ,1
2242,ΧΡΙΣΤΟΦΟΡΟΣ,1
2241,ΧΡΙΣΤΟΦΟΡΟΣ,1
2244,ΧΡΥΣΑΝΘΗ,0
2247,ΧΡΥΣΑΝΘΗ,0
2246,ΧΡΥΣΑΝΘΗ,0
2245,ΧΡΥΣΑΝΘΗ,0
2248,ΧΡΥΣΑΥΓΗ,0
2252,ΧΡΥΣΗ,0
2250,ΧΡΥΣΗ,0
2251,ΧΡΥΣΗ,0
2249,ΧΡΥΣΗ,0
2253,ΧΡΥΣΟΒΑΛΑΝ,0
2254,ΧΡΥΣΟΒΑΛΑΝΤ,0
2255,ΧΡΥΣΟΒΑΛΑΝΤΗ,0
2256,ΧΡΥΣΟΒΑΛΑΝΤΗ,0
2257,ΧΡΥΣΟΒΑΛΑΝΤΗ,0
2266,ΧΡΥΣΟΒΑΛΑΝΤΗΣ,1
2260,ΧΡΥΣΟΒΑΛΑΝΤΗΣ,1
2267,ΧΡΥΣΟΒΑΛΑΝΤΗΣ,1
2268,ΧΡΥΣΟΒΑΛΑΝΤΗΣ,1
2261,ΧΡΥΣΟΒΑΛΑΝΤΗΣ,0
2262,ΧΡΥΣΟΒΑΛΑΝΤΗΣ,1
2263,ΧΡΥΣΟΒΑΛΑΝΤΗΣ,1
2264,ΧΡΥΣΟΒΑΛΑΝΤΗΣ,1
2265,ΧΡΥΣΟΒΑΛΑΝΤΗΣ,1
2258,ΧΡΥΣΟΒΑΛΑΝΤΗΣ,1
2259,ΧΡΥΣΟΒΑΛΑΝΤΗΣ,1
2269,ΧΡΥΣΟΒΑΛΑΝΤΟΥ,0
2270,ΧΡΥΣΟΒΑΛΑΝΤΟΥ,0
2271,ΧΡΥΣΟΒΑΛΑΝΤΟΥ,0
2272,ΧΡΥΣΟΒΑΛΑΝΤΩ,0
2273,ΧΡΥΣΟΒΕΡΓΗΣ,0
2274,ΧΡΥΣΟΣΤΟΜΟΣ,1
2275,ΧΡΥΣΟΥΛΑ,0
2276,ΧΡΥΣΟΥΛΑ,0
2277,ΧΡΥΣΟΥΛΑ,0
2278,ΧΡΥΣΟΥΛΑ,0
2279,ΧΡΥΣΟΥΛΑ,0
2280,ΧΡΥΣΟΥΛΑ,0
2281,ΧΡΥΣΟΥΛΑ,0
2282,ΩΡΑΙΟΖΗΛΗ,0
